0.377216667,0
10.38571667,0
12.5386,0
12.63028333,0
12.64195,0
12.70945,0
12.77245,0
12.83013333,0
12.89013333,0
12.94763333,0
13.00765,0
13.06498333,0
13.12531667,0
13.18283333,0
13.243,0
13.299,0
13.36051667,0
13.41701667,0
13.4782,0
13.5352,0
13.5957,0
13.65221667,0
13.70671667,0
13.76555,0
13.82256667,0
13.88323333,0
13.94023333,0
14.00091667,0
14.05725,0
14.11841667,0
14.17693333,0
14.2361,0
14.28943333,0
14.34728333,0
15.79041667,0
17.2144,0
18.65386667,0
22.15431667,0
37.53846667,0
52.62318333,0
54.8044,0
54.89606667,0
54.90908333,0
54.97708333,0
55.03975,0
55.09643333,0
55.15726667,0
55.2166,0
55.27495,0
55.33228333,0
55.39245,0
55.4488,0
55.50996667,0
55.5658,0
55.62781667,0
55.68331667,0
55.74533333,0
55.80383333,0
55.863,0
55.91951667,0
55.98051667,0
56.03785,0
56.0982,0
56.1567,0
56.21603333,0
56.27321667,0
56.33338333,0
56.39038333,0
56.45106667,0
56.50773333,0
56.56856667,0
56.62575,0
58.08371667,0
59.52053333,0
60.97468333,0
64.50993333,0
79.80475,0
94.89066667,0
97.05205,0
97.14371667,0
97.1529,0
97.2214,0
97.2809,0
97.33708333,0
97.39258333,0
97.45075,0
97.50843333,0
97.56843333,0
97.62576667,0
97.68611667,0
97.74111667,0
97.80378333,0
97.85996667,0
97.9213,0
97.97663333,0
98.03881667,0
98.09515,0
98.15648333,0
98.2145,0
98.27416667,0
98.3305,0
98.39168333,0
98.44951667,0
98.50936667,0
98.5672,0
98.62686667,0
98.68338333,0
98.74455,0
98.80055,0
98.86223333,0
100.3013667,0
101.7271833,0
103.16015,0
106.6637333,0
122.0520667,0
137.1356167,0
139.2994833,0
139.3911667,0
139.404,0
139.472,0
139.5346833,0
139.5935167,0
139.6523667,0
139.7097,0
139.7698667,0
139.8272167,0
139.88755,0
139.94455,0
140.0052333,0
140.0600667,0
140.1227333,0
140.1769167,0
140.2534167,0
140.31125,0
140.3711,0
140.4262667,0
140.4886,0
140.5432833,0
140.6062833,0
140.66095,0
140.7238,0
140.7814667,0
140.8414833,0
140.8993167,0
140.95915,0
141.0148333,0
141.0766667,0
141.1345,0
142.5719833,0
144.0156167,0
145.4654333,0
148.9790167,0
164.2998333,0
179.3852333,0
181.5406167,0
181.6322833,0
181.6451167,0
181.7141333,0
181.7756333,0
181.8334833,0
181.8933167,0
181.9483167,0
182.024,0
182.0828333,0
182.142,0
182.2070167,0
182.2630167,0
182.3245333,0
182.3827,0
182.4422,0
182.5003833,0
182.5597167,0
182.61755,0
182.6774,0
182.7350667,0
182.7949,0
182.85075,0
182.9125833,0
182.9684167,0
183.0301,0
183.0862667,0
183.1477667,0
183.20495,0
183.26545,0
183.32295,0
183.3829667,0
184.8329333,0
186.2699167,0
187.7118833,0
191.2200333,0
206.5411333,0
221.6265167,0
223.7997333,0
223.8914167,0
223.90075,0
223.97125,0
224.0346,0
224.0952667,0
224.1541,0
224.2131167,0
224.2707833,0
224.3306167,0
224.3881333,0
224.4481333,0
224.5054667,0
224.5658167,0
224.6229833,0
224.6834833,0
224.7405,0
224.801,0
224.8565,0
224.9185167,0
224.97435,0
225.0300167,0
225.0883667,0
225.1452,0
225.2062,0
225.2622167,0
225.3237167,0
225.3779,0
225.4354,0
225.4935667,0
225.5510833,0
225.6114167,0
227.0622333,0
228.5027,0
229.96085,0
233.4872667,0
248.79975,0
263.8833667,0
266.04225,0
266.1339167,0
266.1430833,0
266.2191,0
266.2844333,0
266.34145,0
266.4021167,0
266.4596167,0
266.5196333,0
266.5761333,0
266.6306333,0
266.68965,0
266.7474833,0
266.80715,0
266.8725,0
266.93,0
266.99,0
267.0460167,0
267.1076833,0
267.16385,0
267.2253667,0
267.2805333,0
267.3367,0
267.39505,0
267.4527167,0
267.5127333,0
267.5707333,0
267.6304,0
267.68725,0
267.7480833,0
267.80475,0
267.8656,0
269.3090667,0
270.7538833,0
272.20685,0
275.7301,0
291.0422667,0
306.12575,0
308.2904667,0
308.3821333,0
308.3949833,0
308.4634833,0
308.52565,0
308.5823333,0
308.6433333,0
308.699,0
308.7610167,0
308.8166833,0
308.87235,0
308.9325333,0
308.9892,0
309.0483667,0
309.10555,0
309.16605,0
309.2238833,0
309.2835667,0
309.3392333,0
309.4012333,0
309.4584167,0
309.51875,0
309.5754333,0
309.6362667,0
309.6912667,0
309.7477833,0
309.8061167,0
309.8657833,0
309.9241333,0
309.9809667,0
310.0416333,0
310.09965,0
311.5506167,0
312.9934333,0
314.4327333,0
317.9437,0
333.2908167,0
348.3687667,0
350.5318167,0
350.6234833,0
350.6363167,0
350.7046667,0
350.767,0
350.8218333,0
350.8786833,0
350.9370167,0
350.99435,0
351.0487,0
351.1070333,0
351.1642,0
351.2247167,0
351.2818833,0
351.3422333,0
351.4010667,0
351.4599,0
351.51625,0
351.5774167,0
351.6330833,0
351.6951,0
351.7529333,0
351.8126,0
351.8711167,0
351.9302833,0
351.9881167,0
352.0479667,0
352.1058,0
352.1653,0
352.2233167,0
352.28315,0
352.33915,0
353.7853,0
355.2351167,0
356.6884167,0
360.2019167,0
375.5325167,4.75
390.6109333,4.75
392.7789667,4.75
392.87065,4.75
392.8798167,4.75
392.94815,4.75
393.0091667,4.75
393.0656667,4.75
393.12635,4.75
393.1826833,4.75
393.24385,4.75
393.3010333,4.75
393.3615333,4.75
393.4188667,4.75
393.4792167,4.75
393.5372167,4.75
393.59655,4.75
393.6535667,4.75
393.7144,4.75
393.7699,4.75
393.8320833,4.75
393.8894167,4.75
393.9495833,4.75
394.0072667,4.75
394.0671,4.75
394.1242667,4.75
394.1847833,4.75
394.24245,4.75
394.3024667,4.75
394.3603,4.75
394.4199667,4.75
394.4763167,4.75
394.53765,4.75
394.59465,4.75
396.0528,4.75
397.4896,4.75
398.9174167,4.75
402.4321,4.75
417.779,4.75
432.8625333,4.75
435.0284167,4.75
435.1200833,4.75
435.1329167,4.75
435.2004333,4.75
435.2636,4.75
435.3187667,4.75
435.3812833,4.75
435.4387833,4.75
435.4987833,4.75
435.5559667,4.75
435.6164667,4.75
435.6746333,4.75
435.7339833,4.75
435.79165,4.75
435.85165,4.75
435.9096667,4.75
435.9691667,4.75
436.0263333,4.75
436.08685,4.75
436.14235,4.75
436.2045333,4.75
436.2612,4.75
436.3220333,4.75
436.3788833,4.75
436.4397167,4.75
436.4973833,4.75
436.5504,4.75
436.6095667,4.75
436.6675667,4.75
436.7270833,4.75
436.7840833,4.75
436.8449167,4.75
438.2947333,4.75
439.7598833,4.75
441.2205167,4.75
444.71445,4.75
460.0291,4.75
475.1077667,4.75
477.26315,4.75
477.3548333,4.75
477.3638333,4.75
477.4318333,4.75
477.4926667,4.75
477.5496833,4.75
477.6100167,4.75
477.6666833,4.75
477.7275333,4.75
477.7837,4.75
477.8452167,4.75
477.9038833,4.75
477.9627167,4.75
478.0195667,4.75
478.0802333,4.75
478.1369,4.75
478.1979167,4.75
478.2525833,4.75
478.3155833,4.75
478.3719333,4.75
478.4332667,4.75
478.4911,4.75
478.5507833,4.75
478.6161167,4.75
478.6736167,4.75
478.7336333,4.75
478.7911333,4.75
478.8514833,4.75
478.9084833,4.75
478.9689833,4.75
479.0266667,4.75
479.0865,4.75
480.5233,4.75
481.9636167,4.75
483.3994333,4.75
486.9039167,4.75
502.2631667,4.75
517.34665,4.75
519.5027,4.75
519.5943833,4.75
519.6033833,4.75
519.6702167,4.75
519.7342333,4.75
519.7897333,4.75
519.8450667,4.75
519.9040833,4.75
519.96075,4.75
520.02175,4.75
520.0777667,4.75
520.1392667,4.75
520.1952667,4.75
520.25695,4.75
520.31595,4.75
520.3746167,4.75
520.4316333,4.75
520.4863,4.75
520.5446333,4.75
520.6033167,4.75
520.6623167,4.75
520.7199833,4.75
520.7798333,4.75
520.837,4.75
520.8975167,4.75
520.9555167,4.75
521.0150167,4.75
521.0723667,4.75
521.1325333,4.75
521.1868667,4.75
521.2502167,4.75
521.3058833,4.75
522.7655333,4.75
524.2151667,4.75
525.6588167,4.75
529.18065,4.75
544.5027167,4.75
559.5862833,4.75
561.7543333,4.75
561.846,4.75
561.8586667,4.75
561.9266833,4.75
561.98935,4.75
562.0476833,4.75
562.1070333,4.75
562.1633667,4.75
562.2245333,4.75
562.28105,4.75
562.3422167,4.75
562.3998833,4.75
562.4599,4.75
562.5177333,4.75
562.5774,4.75
562.6344167,4.75
562.6879167,4.75
562.74725,4.75
562.8039333,4.75
562.8649333,4.75
562.9212667,4.75
562.9826167,4.75
563.0376167,4.75
563.1001333,4.75
563.1566333,4.75
563.2178,4.75
563.2733167,4.75
563.3354833,4.75
563.39315,4.75
563.453,4.75
563.5183333,4.75
563.577,4.75
565.01215,4.75
566.4476167,4.75
567.9009333,4.75
571.4206667,4.75
586.755,4.75
601.84065,4.75
604.0220333,4.75
604.1137,4.75
604.1265333,4.75
604.19455,4.75
604.25705,4.75
604.3134,4.75
604.3749,4.75
604.4299,4.75
604.4924167,4.75
604.5485833,4.75
604.6100833,4.75
604.6681,4.75
604.7277667,4.75
604.7836,4.75
604.8392833,4.75
604.8976167,4.75
604.9551167,4.75
605.0151333,4.75
605.0728,4.75
605.1328,4.75
605.1884833,4.75
605.2504833,4.75
605.3158167,4.75
605.3725,4.75
605.4335,4.75
605.4916833,4.75
605.5510167,4.75
605.6076833,4.75
605.6685333,4.75
605.7248667,4.75
605.7862,4.75
605.84305,4.75
607.30135,4.75
608.7511667,4.75
610.2058167,4.75
613.7539333,4.75
629.0229,4.75
644.1089167,4.75
646.2819667,4.75
646.37365,4.75
646.38265,4.75
646.4494833,4.75
646.5123167,4.75
646.5678333,4.75
646.623,4.75
646.6821667,4.75
646.7400167,4.75
646.79985,4.75
646.8565167,4.75
646.9173667,4.75
646.9745333,4.75
647.0348667,4.75
647.0942167,4.75
647.15255,4.75
647.2112333,4.75
647.2702333,4.75
647.3287333,4.75
647.3879167,4.75
647.44575,4.75
647.5054167,4.75
647.5632667,4.75
647.6231,4.75
647.6789333,4.75
647.7407833,4.75
647.7977833,4.75
647.8582833,4.75
647.9143,4.75
647.9759667,4.75
648.0316333,4.75
648.0934833,4.75
649.51145,4.75
650.9472667,4.75
652.3910667,4.75
655.9186833,4.75
671.2819833,4.75
686.36555,4.75
688.5321,4.75
688.6237833,4.75
688.6366167,4.75
688.70495,4.75
688.7673,4.75
688.8246333,4.75
688.8849667,4.75
688.9409833,4.75
689.00265,4.75
689.0578167,4.75
689.1201667,4.75
689.1766667,4.75
689.2378333,4.75
689.2951833,4.75
689.35535,4.75
689.4140333,4.75
689.4730333,4.75
689.5288667,4.75
689.5843833,4.75
689.6428833,4.75
689.69905,4.75
689.7605667,4.75
689.8174,4.75
689.8780667,4.75
689.93675,4.75
689.99575,4.75
690.05375,4.75
690.1134333,4.75
690.1707667,4.75
690.2309333,4.75
690.28745,4.75
690.34195,4.75
691.7991,4.75
693.2484,4.75
694.7028833,4.75
698.2379667,4.75
713.5262833,4.75
728.6098333,0
730.78705,0
730.8787167,0
730.89155,0
730.9594,0
731.0222333,0
731.0757333,0
731.1329167,0
731.1920833,0
731.2495833,0
731.3097667,0
731.3674333,0
731.4272667,0
731.48445,0
731.54495,0
731.6001333,0
731.6626333,0
731.7189667,0
731.78015,0
731.8373167,0
731.89765,0
731.9558333,0
732.0151667,0
732.0723333,0
732.1256833,0
732.1851833,0
732.24085,0
732.3028667,0
732.3593667,0
732.4203667,0
732.4787167,0
732.53805,0
732.5943833,0
734.0552,0
735.5161833,0
736.9399833,0
740.4923333,0
755.7874167,0
770.8664333,0
773.0543167,0
773.1459833,0
773.1589833,0
773.2275,0
773.2896667,0
773.3453333,0
773.4071833,0
773.4641833,0
773.52485,0
773.5807,0
773.6363667,0
773.6947,0
773.7533833,0
773.8123833,0
773.8698833,0
773.9299,0
773.9870667,0
774.0475667,0
774.1040833,0
774.16525,0
774.2214167,0
774.2826,0
774.3404333,0
774.4001167,0
774.4572833,0
774.51795,0
774.5751333,0
774.6356333,0
774.6943,0
774.75315,0
774.8098167,0
774.8708167,0
776.3389667,0
777.7856167,0
779.2274167,0
782.7601333,0
798.05515,0
813.1341167,0
815.3095,0
815.4011667,0
815.4136667,0
815.4831833,0
815.5450167,0
815.6021833,0
815.6617,0
815.7200333,0
815.7800333,0
815.83705,0
815.89705,0
815.9553833,0
816.0147333,0
816.0707333,0
816.1322333,0
816.1899167,0
816.2629167,0
816.3181,0
816.3744333,0
816.4327667,0
816.4897833,0
816.5437833,0
816.6026167,0
816.6606333,0
816.7201333,0
816.7778,0
816.8379833,0
816.89515,0
816.9554833,0
817.012,0
817.073,0
817.1295,0
818.5778167,0
820.0251333,0
821.4619333,0
825.0145667,0
840.3095,0
855.39485,0
857.5674,0
857.6590833,0
857.6684167,0
857.7384167,0
857.7982667,0
857.8559333,0
857.9157667,0
857.9726167,0
858.03345,0
858.0901167,0
858.1511333,0
858.2096333,0
858.2686333,0
858.3254833,0
858.3789833,0
858.4384833,0
858.496,0
858.5561667,0
858.6136667,0
858.6736833,0
858.7290167,0
858.79135,0
858.8460333,0
858.9090333,0
858.9682,0
859.02655,0
859.08405,0
859.1442333,0
859.2002333,0
859.2619,0
859.3190833,0
859.3794167,0
860.8162167,0
862.2660333,0
863.7055167,0
867.7518833,0
882.5674167,0
897.6510333,0
899.84925,0
899.9409333,0
899.9499333,0
900.0176,0
900.0787833,0
900.1351167,0
900.1963,0
900.2534667,0
900.3138,0
900.3714833,0
900.4314833,0
900.4898167,0
900.5491667,0
900.6063333,0
900.6666667,0
900.7225167,0
900.78435,0
900.84085,0
900.9020333,0
900.9578667,0
901.0195333,0
901.0762167,0
901.1372167,0
901.1958833,0
901.2547333,0
901.3115667,0
901.37225,0
901.4305833,0
901.4899167,0
901.5474333,0
901.6076,0
901.6659333,0
903.1130833,0
904.5857333,0
906.0422,0
910.4502833,0
924.8494,0
939.9328667,0
942.10275,0
942.1944333,0
942.2034333,0
942.2707667,0
942.33295,0
942.39045,0
942.4506167,0
942.5061333,0
942.5681333,0
942.6251333,0
942.6858167,0
942.7448167,0
942.8034833,0
942.8603333,0
942.9211667,0
942.9775,0
943.0311833,0
943.09085,0
943.1496833,0
943.2085333,0
943.2657,0
943.3262167,0
943.3838833,0
943.4437167,0
943.5014,0
943.5614,0
943.6177333,0
943.6789167,0
943.73525,0
943.7965833,0
943.8547667,0
943.9142667,0
945.3509167,0
946.8007167,0
948.2507,0
951.87585,0
967.1029,0
982.1863833,0
984.3672667,0
984.4591,0
984.4699333,0
984.54145,0
984.6007833,0
984.65845,0
984.7183,0
984.7741333,0
984.8359833,0
984.8924833,0
984.95365,0
985.0121667,0
985.0711667,0
985.1271667,0
985.1886833,0
985.2541833,0
985.3105167,0
985.3717,0
985.4270333,0
985.4893667,0
985.5452167,0
985.6002167,0
985.6592167,0
985.7172333,0
985.7769,0
985.8339,0
985.8944167,0
985.95075,0
986.0121,0
986.0669333,0
986.1296,0
986.1842833,0
987.6324167,0
989.0829,0
990.5490333,0
994.1233,0
1009.367333,0
1024.4515,0
1026.63655,0
1026.728217,0
1026.737217,0
1026.8054,0
1026.868067,0
1026.925583,0
1026.98575,0
1027.042083,0
1027.103267,0
1027.1601,0
1027.220767,0
1027.279783,0
1027.33845,0
1027.39495,0
1027.456133,0
1027.513633,0
1027.573633,0
1027.630317,0
1027.683817,0
1027.74365,0
1027.800667,0
1027.861167,0
1027.917333,0
1027.97885,0
1028.03335,0
1028.090033,0
1028.1487,0
1028.207033,0
1028.266217,0
1028.32305,0
1028.383883,0
1028.4414,0
1029.875033,0
1031.32285,0
1032.77265,0
1036.3162,0
1051.636617,0
1066.720217,0
1068.9131,0
1069.0051,0
1069.017433,0
1069.084783,0
1069.148283,0
1069.2038,0
1069.2658,0
1069.324467,0
1069.383483,0
1069.439317,0
1069.494983,0
1069.5555,0
1069.618833,0
1069.677333,0
1069.73635,0
1069.79435,0
1069.85385,0
1069.909533,0
1069.971533,0
1070.028367,0
1070.089217,0
1070.146383,0
1070.206567,0
1070.261233,0
1070.3244,0
1070.381417,0
1070.442083,0
1070.498917,0
1070.5596,0
1070.6166,0
1070.677267,0
1070.73495,0
1072.18425,0
1073.642233,0
1075.105217,0
1078.6578,0
1093.9138,8.9
1108.9918,8.9
1111.16835,8.9
1111.260517,8.9
1111.27285,8.9
1111.341033,8.9
1111.403367,8.9
1111.4617,8.9
1111.521217,8.9
1111.577383,8.9
1111.638567,8.9
1111.6949,8.9
1111.7564,8.9
1111.82175,8.9
1111.878583,8.9
1111.93925,8.9
1111.996433,8.9
1112.056933,8.9
1112.1141,8.9
1112.17445,8.9
1112.231117,8.9
1112.292117,8.9
1112.348133,8.9
1112.403467,8.9
1112.461967,8.9
1112.519317,8.9
1112.579483,8.9
1112.636317,8.9
1112.697333,8.9
1112.752167,8.9
1112.81485,8.9
1112.870183,8.9
1112.926517,8.9
1112.9847,8.9
1114.425833,8.9
1115.86565,8.9
1117.321617,8.9
1120.8648,8.9
1136.169783,8.9
1151.248633,8.9
1153.42435,8.9
1153.516867,8.9
1153.5287,8.9
1153.596033,8.9
1153.659533,8.9
1153.715717,8.9
1153.77055,8.9
1153.829383,8.9
1153.887067,8.9
1153.947067,8.9
1154.004583,8.9
1154.064583,8.9
1154.122417,8.9
1154.182267,8.9
1154.2391,8.9
1154.299767,8.9
1154.356117,8.9
1154.417283,8.9
1154.47095,8.9
1154.5283,8.9
1154.587467,8.9
1154.6453,8.9
1154.704983,8.9
1154.762817,8.9
1154.82265,8.9
1154.8795,8.9
1154.940167,8.9
1154.997333,8.9
1155.057683,8.9
1155.114017,8.9
1155.175517,8.9
1155.232533,8.9
1156.671167,8.9
1158.127983,8.9
1159.571133,8.9
1163.118617,8.9
1178.425483,8.9
1193.511683,8.9
1195.696233,8.9
1195.788067,8.9
1195.7974,8.9
1195.86375,8.9
1195.92825,8.9
1195.984933,8.9
1196.038267,8.9
1196.0981,8.9
1196.155783,8.9
1196.215783,8.9
1196.272783,8.9
1196.333133,8.9
1196.3893,8.9
1196.450967,8.9
1196.506317,8.9
1196.56865,8.9
1196.633983,8.9
1196.690333,8.9
1196.7515,8.9
1196.806667,8.9
1196.862683,8.9
1196.921517,8.9
1196.97885,8.9
1197.039033,8.9
1197.0972,8.9
1197.156717,8.9
1197.21305,8.9
1197.274217,8.9
1197.3304,8.9
1197.3919,8.9
1197.449733,8.9
1197.509417,8.9
1198.959383,8.9
1200.3962,8.9
1201.859167,8.9
1205.450933,8.9
1220.696367,8.9
1235.780217,8.9
1237.925767,8.9
1238.017433,8.9
1238.026933,8.9
1238.095117,8.9
1238.157617,8.9
1238.2158,8.9
1238.2753,8.9
1238.3313,8.9
1238.392817,8.9
1238.449317,8.9
1238.510317,8.9
1238.568167,8.9
1238.628,8.9
1238.684667,8.9
1238.745683,8.9
1238.801183,8.9
1238.863183,8.9
1238.919533,8.9
1238.980867,8.9
1239.037033,8.9
1239.09855,8.9
1239.154883,8.9
1239.21605,8.9
1239.273233,8.9
1239.333733,8.9
1239.392083,8.9
1239.45125,8.9
1239.50775,8.9
1239.568933,8.9
1239.623433,8.9
1239.686433,8.9
1239.74495,8.9
1241.202583,8.9
1242.651567,8.9
1244.088367,8.9
1247.667383,8.9
1262.925933,8.9
1278.009383,8.9
1280.1776,8.9
1280.26945,8.9
1280.282117,8.9
1280.348783,8.9
1280.4128,8.9
1280.470967,8.9
1280.530467,8.9
1280.587317,8.9
1280.647983,8.9
1280.70515,8.9
1280.7655,8.9
1280.824833,8.9
1280.883167,8.9
1280.940683,8.9
1281.00085,8.9
1281.056683,8.9
1281.118533,8.9
1281.173867,8.9
1281.235883,8.9
1281.290383,8.9
1281.34705,8.9
1281.4059,8.9
1281.4639,8.9
1281.523567,8.9
1281.581417,8.9
1281.64125,8.9
1281.699083,8.9
1281.758767,8.9
1281.8151,8.9
1281.876433,8.9
1281.93295,8.9
1281.994117,8.9
1283.443933,8.9
1284.898733,8.9
1286.358717,8.9
1289.883333,8.9
1305.178733,8.9
1320.264417,8.9
1322.4263,8.9
1322.517983,8.9
1322.526983,8.9
1322.59565,8.9
1322.655317,8.9
1322.712333,8.9
1322.772667,8.9
1322.828017,8.9
1322.890183,8.9
1322.948183,8.9
1323.007867,8.9
1323.066533,8.9
1323.125533,8.9
1323.183883,8.9
1323.243217,8.9
1323.30105,8.9
1323.360733,8.9
1323.416233,8.9
1323.4784,8.9
1323.53375,8.9
1323.595917,8.9
1323.653417,8.9
1323.7136,8.9
1323.771267,8.9
1323.824433,8.9
1323.88345,8.9
1323.939617,8.9
1324.001117,8.9
1324.0583,8.9
1324.118633,8.9
1324.17615,8.9
1324.236317,8.9
1325.666617,8.9
1327.087933,8.9
1328.546733,8.9
1332.021233,8.9
1347.42635,8.9
1362.509817,8.9
1364.678033,8.9
1364.7697,8.9
1364.780033,8.9
1364.848883,8.9
1364.910717,8.9
1364.968217,8.9
1365.028233,8.9
1365.085733,8.9
1365.1459,8.9
1365.201417,8.9
1365.263417,8.9
1365.32875,8.9
1365.3856,8.9
1365.446433,8.9
1365.504117,8.9
1365.564117,8.9
1365.621783,8.9
1365.681633,8.9
1365.7383,8.9
1365.799133,8.9
1365.857317,8.9
1365.916983,8.9
1365.973483,8.9
1366.0345,8.9
1366.093333,8.9
1366.152,8.9
1366.209683,8.9
1366.269517,8.9
1366.327017,8.9
1366.387367,8.9
1366.4527,8.9
1366.5092,8.9
1367.960517,8.9
1369.430833,8.9
1370.880633,8.9
1374.371383,8.9
1389.678067,8.9
1404.762433,8.9
1406.91765,8.9
1407.009317,8.9
1407.02215,8.9
1407.0905,8.9
1407.152833,8.9
1407.2105,8.9
1407.270517,8.9
1407.327183,8.9
1407.388183,8.9
1407.4442,8.9
1407.5057,8.9
1407.562533,8.9
1407.623383,8.9
1407.67705,8.9
1407.740883,8.9
1407.795567,8.9
1407.8514,8.9
1407.9109,8.9
1407.967417,8.9
1408.022583,8.9
1408.080917,8.9
1408.137767,8.9
1408.1986,8.9
1408.255767,8.9
1408.316117,8.9
1408.373117,8.9
1408.4468,8.9
1408.5053,8.9
1408.564467,8.9
1408.621983,8.9
1408.68215,8.9
1408.738983,8.9
1410.1748,8.9
1411.627933,8.9
1413.5498,8.9
1417.460317,8.9
1431.918833,8.9
1446.998667,0
1449.9048,0
1450.002633,0
1450.0208,0
1450.08865,0
1450.15265,0
1450.244167,0
1450.301667,0
1450.361667,0
1450.419517,0
1450.48485,0
1450.544683,0
1450.6032,0
1450.662367,0
1450.7197,0
1450.779883,0
1450.83805,0
1450.897567,0
1450.955233,0
1451.0149,0
1451.07175,0
1451.13275,0
1451.189417,0
1451.2501,0
1451.306267,0
1451.367933,0
1451.425117,0
1451.485617,0
1451.54495,0
1451.6033,0
1451.661633,0
1451.7208,0
1451.77915,0
1453.22295,0
1454.672933,0
1456.1004,0
1459.610167,0
1474.904817,0
1489.990567,0
1492.158783,0
1492.250467,0
1492.2633,0
1492.331967,0
1492.393967,0
1492.45215,0
1492.51165,0
1492.56915,0
1492.629333,0
1492.6875,0
1492.746833,0
1492.80485,0
1492.86435,0
1492.921033,0
1492.9822,0
1493.0377,0
1493.099717,0
1493.158217,0
1493.217217,0
1493.273067,0
1493.3349,0
1493.392733,0
1493.452583,0
1493.51025,0
1493.570083,0
1493.628767,0
1493.687767,0
1493.744767,0
1493.805617,0
1493.860783,0
1493.92295,0
1493.980967,0
1495.4256,0
1496.87625,0
1498.314067,0
1501.806017,0
1517.159317,0
1532.23765,0
1534.40585,0
1534.497533,0
1534.506867,0
1534.5772,0
1534.637717,0
1534.69405,0
1534.753233,0
1534.809233,0
1534.870733,0
1534.927083,0
1534.98225,0
1535.04175,0
1535.099767,0
1535.158267,0
1535.2236,0
1535.28095,0
1535.341117,0
1535.397283,0
1535.4588,0
1535.5143,0
1535.5763,0
1535.632483,0
1535.693983,0
1535.747983,0
1535.8055,0
1535.863833,0
1535.921333,0
1535.981517,0
1536.038517,0
1536.0992,0
1536.156867,0
1536.2167,0
1537.672017,0
1539.131,0
1540.5793,0
1544.072517,0
1559.405867,0
1574.489417,0
1576.644617,0
1576.7363,0
1576.746133,0
1576.811967,0
1576.876817,0
1576.93365,0
1576.9945,0
1577.0495,0
1577.1055,0
1577.16485,0
1577.222517,0
1577.282017,0
1577.340533,0
1577.399533,0
1577.4572,0
1577.517217,0
1577.57405,0
1577.634717,0
1577.691567,0
1577.7524,0
1577.810567,0
1577.869917,0
1577.925917,0
1577.987583,0
1578.0456,0
1578.105267,0
1578.162933,0
1578.22295,0
1578.28095,0
1578.3403,0
1578.397633,0
1578.458133,0
1579.89645,0
1581.348583,0
1582.7984,0
1586.308167,0
1601.644633,0
1616.728183,0
1618.9089,0
1619.000583,0
1619.013417,0
1619.07975,0
1619.1441,0
1619.2001,0
1619.261783,0
1619.317117,0
1619.373117,0
1619.431467,0
1619.4898,0
1619.5493,0
1619.60615,0
1619.666817,0
1619.724317,0
1619.7845,0
1619.841333,0
1619.902,0
1619.961183,0
1620.02335,0
1620.085017,0
1620.1427,0
1620.2027,0
1620.2597,0
1620.32005,0
1620.376717,0
1620.4379,0
1620.494233,0
1620.5554,0
1620.612917,0
1620.673083,0
1620.728583,0
1622.162067,0
1623.599867,0
1625.028683,0
1628.511767,0
1643.909417,0
1658.995017,0
1661.176067,0
1661.26775,0
1661.280917,0
1661.35075,0
1661.4116,0
1661.467767,0
1661.5291,0
1661.584783,0
1661.646783,0
1661.70145,0
1661.7643,0
1661.8233,0
1661.881967,0
1661.93815,0
1661.999483,0
1662.058483,0
1662.117167,0
1662.175333,0
1662.234833,0
1662.29185,0
1662.35235,0
1662.40985,0
1662.470033,0
1662.526033,0
1662.587717,0
1662.64405,0
1662.705217,0
1662.7629,0
1662.822567,0
1662.880067,0
1662.934583,0
1662.99275,0
1664.429717,0
1665.8832,0
1667.33435,0
1670.847267,0
1686.176933,0
1701.262933,0
1703.420133,0
1703.511817,0
1703.522483,0
1703.590817,0
1703.653167,0
1703.710833,0
1703.77085,0
1703.82785,0
1703.88835,0
1703.944867,0
1704.006033,0
1704.065033,0
1704.12355,0
1704.180383,0
1704.241217,0
1704.297733,0
1704.358733,0
1704.4149,0
1704.476417,0
1704.53225,0
1704.594083,0
1704.6521,0
1704.7116,0
1704.7696,0
1704.829283,0
1704.88695,0
1704.9468,0
1705.005633,0
1705.064467,0
1705.120317,0
1705.18215,0
1705.239483,0
1706.670967,0
1708.107933,0
1709.549083,0
1713.0359,0
1728.420167,0
1743.503783,0
1745.685167,0
1745.776833,0
1745.789667,0
1745.85935,0
1745.92035,0
1745.978517,0
1746.038033,0
1746.095533,0
1746.155533,0
1746.211217,0
1746.273217,0
1746.332383,0
1746.3909,0
1746.4489,0
1746.5084,0
1746.565083,0
1746.626083,0
1746.681583,0
1746.743767,0
1746.8011,0
1746.861283,0
1746.92045,0
1746.978783,0
1747.0373,0
1747.0963,0
1747.1538,0
1747.21415,0
1747.27065,0
1747.33165,0
1747.388833,0
1747.449333,0
1747.5045,0
1748.964817,0
1750.4013,0
1751.856767,0
1755.35705,0
1770.68535,0
1785.77115,0
1787.926367,0
1788.018033,0
1788.030867,0
1788.10055,0
1788.16155,0
1788.218383,0
1788.279233,0
1788.337733,0
1788.397067,0
1788.45425,0
1788.527417,0
1788.586933,0
1788.645267,0
1788.703767,0
1788.76295,0
1788.82045,0
1788.88045,0
1788.937467,0
1788.998133,0
1789.053967,0
1789.115817,0
1789.170817,0
1789.233317,0
1789.292333,0
1789.351,0
1789.408833,0
1789.468517,0
1789.52585,0
1789.586183,0
1789.643367,0
1789.7037,0
1789.759867,0
1791.193683,0
1792.629667,0
1794.068133,0
1797.566733,0
1812.927233,9.8
1828.0134,9.8
1830.1621,9.8
1830.253783,9.8
1830.262783,9.8
1830.338633,9.8
1830.396467,9.8
1830.456133,9.8
1830.514483,9.8
1830.573817,9.8
1830.63115,9.8
1830.6915,9.8
1830.747167,9.8
1830.809,9.8
1830.86485,9.8
1830.926683,9.8
1830.983517,9.8
1831.0442,9.8
1831.100867,9.8
1831.161867,9.8
1831.217883,9.8
1831.279383,9.8
1831.33505,9.8
1831.388733,9.8
1831.4494,9.8
1831.5054,9.8
1831.566917,9.8
1831.623417,9.8
1831.6846,9.8
1831.739433,9.8
1831.802267,9.8
1831.85645,9.8
1831.919783,9.8
1831.975783,9.8
1833.409433,9.8
1834.845733,9.8
1836.288883,9.8
1839.783267,9.8
1855.162133,9.8
1870.245667,9.8
1872.411217,9.8
1872.502883,9.8
1872.515717,9.8
1872.585067,9.8
1872.646567,9.8
1872.703417,9.8
1872.764083,9.8
1872.820917,9.8
1872.881767,9.8
1872.937433,9.8
1872.999433,9.8
1873.057117,9.8
1873.11695,9.8
1873.174117,9.8
1873.234467,9.8
1873.292467,9.8
1873.352133,9.8
1873.40865,9.8
1873.469817,9.8
1873.52715,9.8
1873.587333,9.8
1873.645,9.8
1873.705,9.8
1873.762183,9.8
1873.822683,9.8
1873.879867,9.8
1873.9402,9.8
1873.9982,9.8
1874.057883,9.8
1874.114883,9.8
1874.17555,9.8
1874.231233,9.8
1875.6577,9.8
1877.10635,9.8
1878.55415,9.8
1882.05195,9.8
1897.412583,9.8
1912.492567,9.8
1914.667117,9.8
1914.7588,9.8
1914.771467,9.8
1914.8393,9.8
1914.9023,9.8
1914.959817,9.8
1915.019817,9.8
1915.07465,9.8
1915.1375,9.8
1915.194333,9.8
1915.255017,9.8
1915.312683,9.8
1915.372683,9.8
1915.431533,9.8
1915.490367,9.8
1915.548033,9.8
1915.601883,9.8
1915.660217,9.8
1915.716383,9.8
1915.7779,9.8
1915.834233,9.8
1915.8954,9.8
1915.952417,9.8
1916.013083,9.8
1916.06925,9.8
1916.130767,9.8
1916.1871,9.8
1916.2421,9.8
1916.300617,9.8
1916.357617,9.8
1916.418283,9.8
1916.475133,9.8
1917.925933,9.8
1919.37475,9.8
1920.813733,9.8
1924.307683,9.8
1939.6683,9.8
1954.748183,9.8
1956.89655,9.8
1956.988233,9.8
1957.001067,9.8
1957.068567,9.8
1957.13175,9.8
1957.18975,9.8
1957.249417,9.8
1957.306767,9.8
1957.366933,9.8
1957.423767,9.8
1957.484617,9.8
1957.54995,9.8
1957.606617,9.8
1957.667467,9.8
1957.725467,9.8
1957.784983,9.8
1957.841483,9.8
1957.902817,9.8
1957.959,9.8
1958.020333,9.8
1958.076167,9.8
1958.138183,9.8
1958.192183,9.8
1958.255517,9.8
1958.3132,9.8
1958.3732,9.8
1958.4297,9.8
1958.490883,9.8
1958.548717,9.8
1958.608217,9.8
1958.666233,9.8
1958.726067,9.8
1960.162883,9.8
1961.599683,9.8
1963.038167,9.8
1966.5307,9.8
1981.89775,9.8
1996.976567,9.8
1999.1126,9.8
1999.204283,9.8
1999.21745,9.8
1999.285283,9.8
1999.348133,9.8
1999.404633,9.8
1999.465633,9.8
1999.522983,9.8
1999.57715,9.8
1999.63565,9.8
1999.693333,9.8
1999.753167,9.8
1999.811167,9.8
1999.87085,9.8
1999.929683,9.8
1999.988517,9.8
2000.044367,9.8
2000.105867,9.8
2000.16405,9.8
2000.223717,9.8
2000.28105,9.8
2000.341067,9.8
2000.398567,9.8
2000.4589,9.8
2000.51525,9.8
2000.576417,9.8
2000.632917,9.8
2000.693933,9.8
2000.752267,9.8
2000.811767,9.8
2000.86895,9.8
2000.929283,9.8
2002.371767,9.8
2003.818067,9.8
2005.265883,9.8
2008.75585,9.8
2024.11395,9.8
2039.2,9.8
2041.35505,9.8
2041.446717,9.8
2041.459717,9.8
2041.527233,9.8
2041.5904,9.8
2041.644233,9.8
2041.701583,9.8
2041.76125,9.8
2041.81775,9.8
2041.877933,9.8
2041.9356,9.8
2041.995433,9.8
2042.051617,9.8
2042.113117,9.8
2042.169283,9.8
2042.2308,9.8
2042.286467,9.8
2042.348317,9.8
2042.40515,9.8
2042.465983,9.8
2042.523,9.8
2042.583667,9.8
2042.640833,9.8
2042.694183,9.8
2042.753517,9.8
2042.81085,9.8
2042.871033,9.8
2042.9277,9.8
2042.988533,9.8
2043.044717,9.8
2043.106383,9.8
2043.161217,9.8
2044.595367,9.8
2046.035,9.8
2047.48215,9.8
2050.974983,9.8
2066.356417,9.8
2081.455683,9.8
2083.616217,9.8
2083.7079,9.8
2083.717067,9.8
2083.785233,9.8
2083.846083,9.8
2083.904083,9.8
2083.96375,9.8
2084.0216,9.8
2084.081433,9.8
2084.1381,9.8
2084.19895,9.8
2084.25695,9.8
2084.316633,9.8
2084.373967,9.8
2084.434133,9.8
2084.490483,9.8
2084.551817,9.8
2084.60815,9.8
2084.663167,9.8
2084.721667,9.8
2084.779,9.8
2084.83935,9.8
2084.89535,9.8
2084.95685,9.8
2085.013033,9.8
2085.074533,9.8
2085.130533,9.8
2085.192217,9.8
2085.24705,9.8
2085.309717,9.8
2085.3659,9.8
2085.4274,9.8
2086.866883,9.8
2088.301017,9.8
2089.738667,9.8
2093.228933,9.8
2108.616233,9.8
2123.69985,9.8
2125.868233,9.8
2125.959917,9.8
2125.970917,9.8
2126.03925,9.8
2126.101583,9.8
2126.1586,9.8
2126.2191,9.8
2126.2751,9.8
2126.330783,9.8
2126.389117,9.8
2126.447283,9.8
2126.5068,9.8
2126.565633,9.8
2126.624317,9.8
2126.679983,9.8
2126.741983,9.8
2126.7975,9.8
2126.859667,9.8
2126.913,9.8
2126.970517,9.8
2127.029517,9.8
2127.08735,9.8
2127.1472,9.8
2127.205033,9.8
2127.2647,9.8
2127.321883,9.8
2127.382383,9.8
2127.438217,9.8
2127.500067,9.8
2127.556233,9.8
2127.617567,9.8
2127.674917,9.8
2129.111383,9.8
2130.5467,9.8
2132.011,9.8
2135.522717,9.8
2150.868267,9.8
2165.95325,0
2168.121633,0
2168.213317,0
2168.226317,0
2168.29465,0
2168.356983,0
2168.414,0
2168.4745,0
2168.53235,0
2168.592183,0
2168.64985,0
2168.709533,0
2168.766867,0
2168.827367,0
2168.883883,0
2168.944883,0
2169.002717,0
2169.062567,0
2169.118733,0
2169.180233,0
2169.23575,0
2169.29775,0
2169.355917,0
2169.415433,0
2169.4741,0
2169.5331,0
2169.589117,0
2169.650617,0
2169.708283,0
2169.7683,0
2169.825133,0
2169.885817,0
2169.943817,0
2171.394967,0
2172.863933,0
2174.303917,0
2177.803183,0
2193.122333,0
2208.200767,0
2210.355817,0
2210.447483,0
2210.456483,0
2210.5245,0
2210.5855,0
2210.641167,0
2210.703017,0
2210.760517,0
2210.8207,0
2210.8772,0
2210.9382,0
2211.003717,0
2211.059883,0
2211.121217,0
2211.1779,0
2211.2389,0
2211.294567,0
2211.350083,0
2211.40875,0
2211.466583,0
2211.526433,0
2211.584933,0
2211.643933,0
2211.699783,0
2211.761617,0
2211.81595,0
2211.879133,0
2211.933967,0
2211.996817,0
2212.054483,0
2212.114317,0
2212.171833,0
2213.616467,0
2215.079283,0
2216.52325,0
2220.029667,0
2235.35585,0
2250.439317,0
2252.6082,0
2252.699883,0
2252.70955,0
2252.778883,0
2252.840233,0
2252.897567,0
2252.9579,0
2253.015083,0
2253.075417,0
2253.132083,0
2253.1931,0
2253.251767,0
2253.3106,0
2253.366617,0
2253.428283,0
2253.483283,0
2253.5458,0
2253.6003,0
2253.657133,0
2253.71565,0
2253.772983,0
2253.833333,0
2253.890833,0
2253.951,0
2254.010183,0
2254.068683,0
2254.12485,0
2254.186033,0
2254.2427,0
2254.303867,0
2254.369217,0
2254.424717,0
2255.850867,0
2257.295,0
2258.731817,0
2262.234033,0
2277.608217,0
2292.691833,0
2294.833367,0
2294.92505,0
2294.937883,0
2295.00605,0
2295.068567,0
2295.1249,0
2295.186233,0
2295.243583,0
2295.30375,0
2295.360417,0
2295.421267,0
2295.478933,0
2295.5391,0
2295.59595,0
2295.656617,0
2295.712967,0
2295.774133,0
2295.827467,0
2295.884817,0
2295.94415,0
2296.001317,0
2296.061833,0
2296.120333,0
2296.179167,0
2296.237183,0
2296.297017,0
2296.351517,0
2296.414533,0
2296.470033,0
2296.5322,0
2296.59005,0
2296.649717,0
2298.076867,0
2299.523333,0
2300.97315,0
2304.486683,0
2319.8339,0
2334.9194,0
2337.0746,0
2337.166283,0
2337.179117,0
2337.245783,0
2337.3098,0
2337.367633,0
2337.4273,0
2337.483317,0
2337.544983,0
2337.600817,0
2337.6625,0
2337.728,0
2337.784183,0
2337.845517,0
2337.90285,0
2337.9632,0
2338.020367,0
2338.080867,0
2338.139717,0
2338.198383,0
2338.25405,0
2338.315733,0
2338.369233,0
2338.427567,0
2338.485917,0
2338.541083,0
2338.603417,0
2338.6596,0
2338.7211,0
2338.777933,0
2338.838783,0
2338.894783,0
2340.332267,0
2341.790733,0
2343.24055,0
2346.74455,0
2362.075133,0
2377.16065,0
2379.328867,0
2379.420533,0
2379.4332,0
2379.50055,0
2379.56405,0
2379.621067,0
2379.681733,0
2379.737067,0
2379.79325,0
2379.851417,0
2379.906083,0
2379.969267,0
2380.0276,0
2380.086767,0
2380.144283,0
2380.20445,0
2380.262117,0
2380.322133,0
2380.379133,0
2380.439633,0
2380.49615,0
2380.55715,0
2380.615333,0
2380.674833,0
2380.7315,0
2380.792517,0
2380.849017,0
2380.910017,0
2380.966033,0
2381.0277,0
2381.084367,0
2381.145217,0
2382.58685,0
2384.032,0
2385.4708,0
2388.970383,0
2404.329233,0
2419.40915,0
2421.597033,0
2421.6887,0
2421.701033,0
2421.770883,0
2421.831717,0
2421.887733,0
2421.9494,0
2422.004733,0
2422.066917,0
2422.123083,0
2422.184417,0
2422.243433,0
2422.3021,0
2422.359433,0
2422.419783,0
2422.477783,0
2422.537117,0
2422.594633,0
2422.654967,0
2422.7123,0
2422.77265,0
2422.83065,0
2422.89015,0
2422.9555,0
2423.011333,0
2423.073183,0
2423.130183,0
2423.19085,0
2423.247533,0
2423.308367,0
2423.364367,0
2423.425883,0
2424.862683,0
2426.2995,0
2427.736133,0
2431.22845,0
2446.59705,0
2461.68245,0
2463.811483,0
2463.903167,0
2463.916167,0
2463.985,0
2464.046683,0
2464.10335,0
2464.16435,0
2464.222533,0
2464.282033,0
2464.337867,0
2464.39955,0
2464.458883,0
2464.51705,0
2464.576733,0
2464.635067,0
2464.689733,0
2464.75275,0
2464.807417,0
2464.87025,0
2464.9271,0
2464.987933,0
2465.045783,0
2465.10545,0
2465.16345,0
2465.223133,0
2465.2808,0
2465.334633,0
2465.392983,0
2465.45115,0
2465.51065,0
2465.569,0
2465.628167,0
2467.052133,0
2468.46945,0
2469.899417,0
2473.38675,0
2488.812017,0
2503.89785,0
2506.067217,0
2506.1589,0
2506.1704,0
2506.237417,0
2506.30125,0
2506.358083,0
2506.418933,0
2506.4746,0
2506.536433,0
2506.590783,0
2506.648117,0
2506.70645,0
2506.7643,0
2506.824133,0
2506.8813,0
2506.94165,0
2506.998483,0
2507.059317,0
2507.116,0
2507.177,0
2507.234833,0
2507.294517,0
2507.348683,0
2507.4252,0
2507.483033,0
2507.542867,0
2507.59955,0
2507.660383,0
2507.718383,0
2507.778067,0
2507.837067,0
2507.895567,0
2509.345217,0
2510.7952,0
2512.232,0
2515.732767,0
2531.06725,14.7
2546.153133,14.7
2548.313517,14.7
2548.4052,14.7
2548.414367,14.7
2548.484533,14.7
2548.545867,14.7
2548.602383,14.7
2548.661217,14.7
2548.71855,14.7
2548.7789,14.7
2548.835567,14.7
2548.896583,14.7
2548.95525,14.7
2549.014083,14.7
2549.070933,14.7
2549.131767,14.7
2549.187933,14.7
2549.241283,14.7
2549.301617,14.7
2549.35795,14.7
2549.419633,14.7
2549.4768,14.7
2549.536967,14.7
2549.59265,14.7
2549.654483,14.7
2549.71115,14.7
2549.772167,14.7
2549.829833,14.7
2549.889667,14.7
2549.946017,14.7
2550.00735,14.7
2550.065183,14.7
2550.125033,14.7
2551.542667,14.7
2552.97265,14.7
2554.397117,14.7
2557.887517,14.7
2573.313533,14.7
2588.397183,14.7
2590.568233,14.7
2590.6599,14.7
2590.669233,14.7
2590.747917,14.7
2590.81325,14.7
2590.871433,14.7
2590.930767,14.7
2590.987267,14.7
2591.04845,14.7
2591.10695,14.7
2591.16595,14.7
2591.231133,14.7
2591.285633,14.7
2591.342133,14.7
2591.401317,14.7
2591.459317,14.7
2591.518817,14.7
2591.577,14.7
2591.6365,14.7
2591.693,14.7
2591.754183,14.7
2591.810517,14.7
2591.8717,14.7
2591.9262,14.7
2591.989367,14.7
2592.047883,14.7
2592.10705,14.7
2592.164717,14.7
2592.224567,14.7
2592.282067,14.7
2592.342233,14.7
2592.399583,14.7
2593.831383,14.7
2595.271367,14.7
2596.718,14.7
2600.231717,14.7
2615.568267,14.7
2630.653017,14.7
2632.808067,14.7
2632.899733,14.7
2632.912733,14.7
2632.982417,14.7
2633.043583,14.7
2633.100417,14.7
2633.1611,14.7
2633.217433,14.7
2633.2786,14.7
2633.334783,14.7
2633.396283,14.7
2633.4553,14.7
2633.513967,14.7
2633.570133,14.7
2633.625317,14.7
2633.683817,14.7
2633.73965,14.7
2633.794167,14.7
2633.8535,14.7
2633.909667,14.7
2633.97135,14.7
2634.02835,14.7
2634.089017,14.7
2634.145867,14.7
2634.206533,14.7
2634.260367,14.7
2634.31805,14.7
2634.37655,14.7
2634.433383,14.7
2634.494067,14.7
2634.5509,14.7
2634.611733,14.7
2636.03555,14.7
2637.47235,14.7
2638.909,14.7
2642.396767,14.7
2657.8096,14.7
2672.89615,14.7
2675.064183,14.7
2675.155867,14.7
2675.168867,14.7
2675.2377,14.7
2675.299383,14.7
2675.356717,14.7
2675.417233,14.7
2675.4729,14.7
2675.534733,14.7
2675.59125,14.7
2675.645917,14.7
2675.70475,14.7
2675.7626,14.7
2675.822267,14.7
2675.8796,14.7
2675.93995,14.7
2675.999283,14.7
2676.057617,14.7
2676.114467,14.7
2676.1753,14.7
2676.232633,14.7
2676.29265,14.7
2676.34715,14.7
2676.403483,14.7
2676.462833,14.7
2676.528167,14.7
2676.585667,14.7
2676.645683,14.7
2676.70235,14.7
2676.763367,14.7
2676.821367,14.7
2676.881033,14.7
2678.32035,14.7
2679.76765,14.7
2681.217633,14.7
2684.718117,14.7
2700.065717,14.7
2715.144183,14.7
2717.298733,14.7
2717.3904,14.7
2717.399733,14.7
2717.468417,14.7
2717.529583,14.7
2717.594933,14.7
2717.651267,14.7
2717.7126,14.7
2717.770617,14.7
2717.830283,14.7
2717.887617,14.7
2717.9478,14.7
2718.0053,14.7
2718.0653,14.7
2718.120983,14.7
2718.182983,14.7
2718.240817,14.7
2718.300667,14.7
2718.357833,14.7
2718.41835,14.7
2718.476183,14.7
2718.530017,14.7
2718.588367,14.7
2718.6462,14.7
2718.706033,14.7
2718.762217,14.7
2718.817383,14.7
2718.875717,14.7
2718.9299,14.7
2718.9874,14.7
2719.0459,14.7
2719.103917,14.7
2720.54805,14.7
2721.984867,14.7
2723.434667,14.7
2726.935283,14.7
2742.298767,14.7
2757.382333,14.7
2759.550717,14.7
2759.642383,14.7
2759.655217,14.7
2759.724233,14.7
2759.7859,14.7
2759.841733,14.7
2759.903583,14.7
2759.960083,14.7
2760.013917,14.7
2760.073433,14.7
2760.130433,14.7
2760.1911,14.7
2760.248617,14.7
2760.308617,14.7
2760.36395,14.7
2760.4263,14.7
2760.483133,14.7
2760.543967,14.7
2760.597317,14.7
2760.654817,14.7
2760.713983,14.7
2760.771167,14.7
2760.831333,14.7
2760.88985,14.7
2760.94885,14.7
2761.00585,14.7
2761.0667,14.7
2761.123867,14.7
2761.184367,14.7
2761.240717,14.7
2761.301883,14.7
2761.35905,14.7
2762.793033,14.7
2764.241333,14.7
2765.68015,14.7
2769.178317,14.7
2784.552233,14.7
2799.63045,14.7
2801.7985,14.7
2801.890167,14.7
2801.899333,14.7
2801.966183,14.7
2802.029017,14.7
2802.088183,14.7
2802.1467,14.7
2802.205033,14.7
2802.264367,14.7
2802.320883,14.7
2802.381717,14.7
2802.447233,14.7
2802.504733,14.7
2802.5649,14.7
2802.622417,14.7
2802.682583,14.7
2802.738917,14.7
2802.799933,14.7
2802.855933,14.7
2802.917767,14.7
2802.97445,14.7
2803.035283,14.7
2803.09095,14.7
2803.152967,14.7
2803.2103,14.7
2803.270467,14.7
2803.326483,14.7
2803.38165,14.7
2803.440483,14.7
2803.498667,14.7
2803.558,14.7
2803.614833,14.7
2805.073317,14.7
2806.5363,14.7
2807.999283,14.7
2811.48735,14.7
2826.798517,14.7
2841.882083,14.7
2844.0368,14.7
2844.128483,14.7
2844.141317,14.7
2844.210483,14.7
2844.272,14.7
2844.3285,14.7
2844.383333,14.7
2844.44185,14.7
2844.499517,14.7
2844.55935,14.7
2844.6157,14.7
2844.677033,14.7
2844.7342,14.7
2844.794717,14.7
2844.849217,14.7
2844.912217,14.7
2844.9684,14.7
2845.0299,14.7
2845.0864,14.7
2845.147583,14.7
2845.20475,14.7
2845.264933,14.7
2845.3241,14.7
2845.382767,14.7
2845.440783,14.7
2845.50045,14.7
2845.558283,14.7
2845.617967,14.7
2845.675467,14.7
2845.735633,14.7
2845.792817,14.7
2845.853317,14.7
2847.27695,14.7
2848.700767,14.7
2850.14225,14.7
2853.63825,14.7
2869.038317,14.7
2884.124267,0
2886.29565,0
2886.387333,0
2886.396833,0
2886.4655,0
2886.527683,0
2886.593017,0
2886.651517,0
2886.710533,0
2886.7672,0
2886.8282,0
2886.883883,0
2886.945717,0
2887.002217,0
2887.063233,0
2887.119733,0
2887.180733,0
2887.234083,0
2887.291917,0
2887.350917,0
2887.407933,0
2887.468267,0
2887.526783,0
2887.586117,0
2887.64245,0
2887.703633,0
2887.760467,0
2887.8213,0
2887.880317,0
2887.938983,0
2887.994317,0
2888.050667,0
2888.109,0
2889.571983,0
2891.021617,0
2892.471433,0
2895.98525,0
2911.295667,0
2926.379167,0
2928.526883,0
2928.61855,0
2928.62755,0
2928.696733,0
2928.756733,0
2928.812917,0
2928.867917,0
2928.92625,0
2928.985767,0
2929.0441,0
2929.099767,0
2929.161783,0
2929.218617,0
2929.279283,0
2929.336633,0
2929.396967,0
2929.4523,0
2929.508317,0
2929.566817,0
2929.62265,0
2929.684333,0
2929.741833,0
2929.802,0
2929.85885,0
2929.919683,0
2929.979017,0
2930.0372,0
2930.093367,0
2930.15505,0
2930.212217,0
2930.27255,0
2930.330567,0
2931.7617,0
2933.199017,0
2934.62665,0
2938.113933,0
2953.5269,0
2968.610483,0
2970.805033,0
2970.8967,0
2970.9067,0
2970.97455,0
2971.03755,0
2971.09555,0
2971.155067,0
2971.211733,0
2971.272733,0
2971.32875,0
2971.39025,0
2971.4556,0
2971.511267,0
2971.573267,0
2971.63095,0
2971.690783,0
2971.746117,0
2971.808467,0
2971.865633,0
2971.926133,0
2971.982317,0
2972.036817,0
2972.095983,0
2972.161333,0
2972.218333,0
2972.278833,0
2972.33735,0
2972.39635,0
2972.453183,0
2972.514033,0
2972.571367,0
2972.631717,0
2974.08585,0
2975.536667,0
2976.9873,0
2980.475317,0
2995.80505,0
3010.888667,0
3013.03555,0
3013.127233,0
3013.136567,0
3013.2044,0
3013.26575,0
3013.322417,0
3013.383417,0
3013.4391,0
3013.500767,0
3013.557433,0
3013.618617,0
3013.68395,0
3013.73695,0
3013.794133,0
3013.853633,0
3013.910633,0
3013.971483,0
3014.02865,0
3014.088983,0
3014.146833,0
3014.206667,0
3014.263,0
3014.318017,0
3014.376517,0
3014.434183,0
3014.494033,0
3014.550367,0
3014.611717,0
3014.669217,0
3014.729383,0
3014.787233,0
3014.8469,0
3016.277033,0
3017.71135,0
3019.162167,0
3022.636333,0
3038.035583,0
3053.11905,0
3055.2876,0
3055.379283,0
3055.389283,0
3055.455783,0
3055.520133,0
3055.5758,0
3055.6378,0
3055.69465,0
3055.755317,0
3055.812483,0
3055.873,0
3055.931833,0
3055.990667,0
3056.04635,0
3056.108183,0
3056.164517,0
3056.225867,0
3056.282033,0
3056.343383,0
3056.396383,0
3056.45505,0
3056.5134,0
3056.571567,0
3056.6309,0
3056.68925,0
3056.748583,0
3056.805583,0
3056.866267,0
3056.923267,0
3056.983767,0
3057.041617,0
3057.10145,0
3058.555767,0
3060.007733,0
3061.455217,0
3064.977467,0
3080.287617,0
3095.37115,0
3097.532033,0
3097.623717,0
3097.63305,0
3097.700883,0
3097.761717,0
3097.818733,0
3097.8794,0
3097.936733,0
3097.996917,0
3098.05275,0
3098.10725,0
3098.166767,0
3098.225433,0
3098.284433,0
3098.342117,0
3098.40195,0
3098.45595,0
3098.513467,0
3098.571967,0
3098.630133,0
3098.689483,0
3098.747483,0
3098.807167,0
3098.8645,0
3098.924667,0
3098.98185,0
3099.04235,0
3099.098683,0
3099.160033,0
3099.216033,0
3099.277533,0
3099.335217,0
3100.766517,0
3102.203333,0
3103.653467,0
3107.15365,0
3122.53205,0
3137.6157,0
3139.806917,0
3139.8986,0
3139.9116,0
3139.980767,0
3140.042283,0
3140.10045,0
3140.159783,0
3140.216967,0
3140.277467,0
3140.333633,0
3140.394983,0
3140.460317,0
3140.515983,0
3140.578,0
3140.6355,0
3140.695517,0
3140.75285,0
3140.813183,0
3140.868867,0
3140.9307,0
3140.987033,0
3141.048383,0
3141.10355,0
3141.165883,0
3141.224067,0
3141.283733,0
3141.3424,0
3141.401083,0
3141.45675,0
3141.518917,0
3141.5761,0
3141.636433,0
3143.07475,0
3144.525383,0
3145.973033,0
3149.473417,0
3164.801267,0
3179.8849,0
3182.065117,0
3182.156783,0
3182.166117,0
3182.232633,0
3182.296633,0
3182.35365,0
3182.41415,0
3182.47165,0
3182.531667,0
3182.589333,0
3182.649333,0
3182.714683,0
3182.77135,0
3182.825183,0
3182.884533,0
3182.941867,0
3183.0022,0
3183.05905,0
3183.119883,0
3183.177383,0
3183.2374,0
3183.2924,0
3183.355083,0
3183.408583,0
3183.46525,0
3183.524933,0
3183.5826,0
3183.642433,0
3183.699283,0
3183.760117,0
3183.81645,0
3183.877467,0
3185.3156,0
3186.75425,0
3188.207383,0
3191.701683,0
3207.06515,0
3222.148683,0
3224.30305,0
3224.394733,0
3224.407067,0
3224.47625,0
3224.537583,0
3224.593917,0
3224.655433,0
3224.710767,0
3224.772933,0
3224.82845,0
3224.890617,0
3224.948117,0
3225.0083,0
3225.064133,0
3225.1258,0
3225.184317,0
3225.243483,0
3225.301483,0
3225.361,0
3225.4185,0
3225.4785,0
3225.53535,0
3225.596183,0
3225.65285,0
3225.713867,0
3225.770867,0
3225.83155,0
3225.88855,0
3225.948883,0
3226.004567,0
3226.066567,0
3226.123733,0
3227.568717,0
3229.005517,0
3230.455667,0
3233.955917,0
3249.303083,1.9
3264.388883,1.9
3266.5636,1.9
3266.655283,1.9
3266.664283,1.9
3266.733283,1.9
3266.793467,1.9
3266.857633,1.9
3266.9113,1.9
3266.968817,1.9
3267.027317,1.9
3267.085483,1.9
3267.145167,1.9
3267.202667,1.9
3267.26285,1.9
3267.31985,1.9
3267.38035,1.9
3267.436033,1.9
3267.491867,1.9
3267.5502,1.9
3267.607717,1.9
3267.667883,1.9
3267.72555,1.9
3267.7854,1.9
3267.8419,1.9
3267.903067,1.9
3267.95975,1.9
3268.020417,1.9
3268.07725,1.9
3268.138267,1.9
3268.196267,1.9
3268.255767,1.9
3268.311283,1.9
3268.37345,1.9
3269.827433,1.9
3271.252067,1.9
3272.696883,1.9
3276.210317,1.9
3291.563617,1.9
3306.647167,1.9
3308.80055,1.9
3308.892217,1.9
3308.903067,1.9
3308.9709,1.9
3309.033733,1.9
3309.091083,1.9
3309.14525,1.9
3309.203583,1.9
3309.259267,1.9
3309.321267,1.9
3309.377267,1.9
3309.43895,1.9
3309.496117,1.9
3309.55645,1.9
3309.613467,1.9
3309.674133,1.9
3309.729133,1.9
3309.79165,1.9
3309.846983,1.9
3309.909167,1.9
3309.962667,1.9
3310.026833,1.9
3310.083517,1.9
3310.144517,1.9
3310.20185,1.9
3310.2622,1.9
3310.3187,1.9
3310.3797,1.9
3310.43755,1.9
3310.497383,1.9
3310.55505,1.9
3310.6149,1.9
3312.0517,1.9
3313.488517,1.9
3314.92515,1.9
3318.419233,1.9
3333.800567,1.9
3348.884833,1.9
3351.042217,1.9
3351.133883,1.9
3351.144567,1.9
3351.211733,1.9
3351.275233,1.9
3351.330417,1.9
3351.39275,1.9
3351.447917,1.9
3351.510433,1.9
3351.5641,1.9
3351.6206,1.9
3351.680117,1.9
3351.739283,1.9
3351.79795,1.9
3351.855633,1.9
3351.915633,1.9
3351.972967,1.9
3352.03315,1.9
3352.089983,1.9
3352.150833,1.9
3352.205,1.9
3352.268333,1.9
3352.325517,1.9
3352.386017,1.9
3352.442017,1.9
3352.503367,1.9
3352.559033,1.9
3352.614367,1.9
3352.67355,1.9
3352.72955,1.9
3352.79105,1.9
3352.8469,1.9
3354.2977,1.9
3355.74635,1.9
3357.192983,1.9
3360.719617,1.9
3376.04225,1.9
3391.126433,1.9
3393.294817,1.9
3393.3865,1.9
3393.399167,1.9
3393.469,1.9
3393.529683,1.9
3393.586183,1.9
3393.647517,1.9
3393.703533,1.9
3393.765033,1.9
3393.822867,1.9
3393.882717,1.9
3393.94805,1.9
3394.00655,1.9
3394.065567,1.9
3394.124233,1.9
3394.183233,1.9
3394.23925,1.9
3394.300917,1.9
3394.357267,1.9
3394.418433,1.9
3394.476433,1.9
3394.536117,1.9
3394.59445,1.9
3394.653617,1.9
3394.710467,1.9
3394.7643,1.9
3394.823633,1.9
3394.87965,1.9
3394.93465,1.9
3394.993483,1.9
3395.047167,1.9
3395.111,1.9
3396.547817,1.9
3397.984617,1.9
3399.413433,1.9
3402.900233,1.9
3418.294833,1.9
3433.381,1.9
3435.56205,1.9
3435.653733,1.9
3435.666733,1.9
3435.736733,1.9
3435.7974,1.9
3435.85475,1.9
3435.915083,1.9
3435.972917,1.9
3436.0326,1.9
3436.0911,1.9
3436.150117,1.9
3436.207117,1.9
3436.26795,1.9
3436.325133,1.9
3436.385467,1.9
3436.441467,1.9
3436.50315,1.9
3436.559983,1.9
3436.620817,1.9
3436.675333,1.9
3436.738333,1.9
3436.794333,1.9
3436.85585,1.9
3436.91135,1.9
3436.967517,1.9
3437.025867,1.9
3437.082867,1.9
3437.143367,1.9
3437.199883,1.9
3437.26105,1.9
3437.316383,1.9
3437.378733,1.9
3438.834367,1.9
3440.304517,1.9
3441.7485,1.9
3445.2697,1.9
3460.563083,1.9
3475.641333,1.9
3477.817717,1.9
3477.909383,1.9
3477.921717,1.9
3477.990233,1.9
3478.0524,1.9
3478.1079,1.9
3478.169917,1.9
3478.227083,1.9
3478.287583,1.9
3478.3451,1.9
3478.4051,1.9
3478.46445,1.9
3478.522783,1.9
3478.579617,1.9
3478.640467,1.9
3478.697467,1.9
3478.757967,1.9
3478.816317,1.9
3478.875483,1.9
3478.933317,1.9
3478.993167,1.9
3479.050833,1.9
3479.110667,1.9
3479.16935,1.9
3479.228517,1.9
3479.28535,1.9
3479.3392,1.9
3479.3982,1.9
3479.454867,1.9
3479.515883,1.9
3479.573217,1.9
3479.63355,1.9
3481.083367,1.9
3482.533183,1.9
3483.983317,1.9
3487.4775,1.9
3502.81775,1.9
3517.903483,1.9
3520.071867,1.9
3520.16355,1.9
3520.176383,1.9
3520.244883,1.9
3520.30705,1.9
3520.364567,1.9
3520.424567,1.9
3520.48175,1.9
3520.54225,1.9
3520.59775,1.9
3520.652933,1.9
3520.7121,1.9
3520.769933,1.9
3520.829783,1.9
3520.884783,1.9
3520.947283,1.9
3521.003467,1.9
3521.064967,1.9
3521.120967,1.9
3521.17615,1.9
3521.234817,1.9
3521.29315,1.9
3521.3525,1.9
3521.410167,1.9
3521.47,1.9
3521.526517,1.9
3521.587683,1.9
3521.64385,1.9
3521.7052,1.9
3521.761867,1.9
3521.822867,1.9
3521.881383,1.9
3523.328183,1.9
3524.775333,1.9
3526.218483,1.9
3529.725217,1.9
3545.072067,1.9
3560.151183,1.9
3562.31305,1.9
3562.404733,1.9
3562.417733,1.9
3562.4859,1.9
3562.548417,1.9
3562.60375,1.9
3562.665933,1.9
3562.7196,1.9
3562.776933,1.9
3562.835783,1.9
3562.893117,1.9
3562.95345,1.9
3563.011467,1.9
3563.0708,1.9
3563.127967,1.9
3563.18865,1.9
3563.243983,1.9
3563.299817,1.9
3563.3585,1.9
3563.4145,1.9
3563.469333,1.9
3563.52835,1.9
3563.585683,1.9
3563.646017,1.9
3563.7022,1.9
3563.7637,1.9
3563.821033,1.9
3563.881217,1.9
3563.937383,1.9
3563.998883,1.9
3564.053067,1.9
3564.109733,1.9
3565.540217,1.9
3566.990017,1.9
3568.439833,1.9
3571.940333,1.9
3587.313733,1.9
3602.39945,0
3604.5415,0
3604.633167,0
3604.646017,0
3604.713017,0
3604.776683,0
3604.8337,0
3604.894367,0
3604.949367,0
3605.011883,0
3605.069883,0
3605.12955,0
3605.1949,0
3605.2514,0
3605.312417,0
3605.368583,0
3605.430083,0
3605.487767,0
3605.547767,0
3605.604267,0
3605.665283,0
3605.721283,0
3605.78295,0
3605.838967,0
3605.900467,0
3605.954467,0
3606.01215,0
3606.070483,0
3606.12865,0
3606.188167,0
3606.246,0
3606.305667,0
3606.362683,0
3607.807817,0
3609.246967,0
3610.688433,0
3614.198333,0
3629.542017,0
3644.62775,0
3646.788283,0
3646.879967,0
3646.888967,0
3646.959967,0
3647.018983,0
3647.076317,0
3647.135833,0
3647.194,0
3647.2535,0
3647.31135,0
3647.371183,0
3647.429183,0
3647.4887,0
3647.5462,0
3647.606367,0
3647.663217,0
3647.723883,0
3647.77955,0
3647.841567,0
3647.8979,0
3647.959067,0
3648.01575,0
3648.076583,0
3648.133083,0
3648.1876,0
3648.2466,0
3648.305433,0
3648.364283,0
3648.421283,0
3648.4818,0
3648.538633,0
3648.599467,0
3650.038117,0
3651.486083,0
3652.953067,0
3656.442483,0
3671.788317,0
3686.871817,0
3689.050533,0
3689.1422,0
3689.155033,0
3689.22505,0
3689.285717,0
3689.341217,0
3689.4034,0
3689.4619,0
3689.5209,0
3689.577917,0
3689.638583,0
3689.69775,0
3689.756267,0
3689.814433,0
3689.873767,0
3689.930783,0
3689.99145,0
3690.047467,0
3690.109133,0
3690.1658,0
3690.226483,0
3690.285317,0
3690.344317,0
3690.400667,0
3690.461833,0
3690.519667,0
3690.579517,0
3690.63585,0
3690.691017,0
3690.749367,0
3690.8062,0
3690.867033,0
3692.290683,0
3693.74115,0
3695.1773,0
3698.677633,0
3714.0509,0
3729.136417,0
3731.3178,0
3731.409483,0
3731.422317,0
3731.49165,0
3731.553,0
3731.607333,0
3731.664333,0
3731.72285,0
3731.780683,0
3731.840517,0
3731.8972,0
3731.9582,0
3732.015367,0
3732.075717,0
3732.131717,0
3732.193383,0
3732.249567,0
3732.3109,0
3732.3669,0
3732.428583,0
3732.485583,0
3732.545917,0
3732.6041,0
3732.663767,0
3732.720783,0
3732.781283,0
3732.83945,0
3732.898967,0
3732.9548,0
3733.016633,0
3733.074483,0
3733.134317,0
3734.573633,0
3736.022267,0
3737.47475,0
3740.976567,0
3756.318317,0
3771.396633,0
3773.55035,0
3773.642033,0
3773.651367,0
3773.721367,0
3773.781033,0
3773.83755,0
3773.898883,0
3773.95505,0
3774.0164,0
3774.073567,0
3774.134067,0
3774.199417,0
3774.258083,0
3774.316933,0
3774.374767,0
3774.4346,0
3774.491783,0
3774.552117,0
3774.60995,0
3774.6698,0
3774.7243,0
3774.787467,0
3774.843817,0
3774.904983,0
3774.959817,0
3775.022667,0
3775.079667,0
3775.140333,0
3775.205517,0
3775.262517,0
3775.323033,0
3775.380367,0
3776.799167,0
3778.235983,0
3779.67745,0
3783.173333,0
3798.550367,0
3813.633983,0
3815.800533,0
3815.892217,0
3815.90505,0
3815.971717,0
3816.035733,0
3816.092567,0
3816.153233,0
3816.210583,0
3816.270917,0
3816.32675,0
3816.3886,0
3816.443267,0
3816.505933,0
3816.56045,0
3816.623783,0
3816.677117,0
3816.7348,0
3816.793633,0
3816.851967,0
3816.911317,0
3816.967817,0
3817.028817,0
3817.085,0
3817.146333,0
3817.203833,0
3817.264017,0
3817.31935,0
3817.3817,0
3817.4382,0
3817.493367,0
3817.551717,0
3817.61005,0
3819.05585,0
3820.5065,0
3821.942317,0
3825.440717,0
3840.7949,0
3855.878483,0
3858.061183,0
3858.152867,0
3858.161867,0
3858.230867,0
3858.289883,0
3858.343883,0
3858.401567,0
3858.4599,0
3858.5174,0
3858.577583,0
3858.63625,0
3858.69525,0
3858.7511,0
3858.812767,0
3858.868933,0
3858.93045,0
3858.989283,0
3859.048117,0
3859.106133,0
3859.165633,0
3859.223133,0
3859.276983,0
3859.335483,0
3859.393983,0
3859.453167,0
3859.510833,0
3859.570667,0
3859.628017,0
3859.68835,0
3859.745183,0
3859.806033,0
3859.861533,0
3861.273517,0
3862.69915,0
3864.134133,0
3867.6169,0
3883.061217,0
3898.144767,0
3900.348317,0
3900.44,0
3900.453,0
3900.522333,0
3900.583517,0
3900.640183,0
3900.701183,0
3900.7572,0
3900.818867,0
3900.874367,0
3900.929717,0
3900.988717,0
3901.04505,0
3901.100233,0
3901.158567,0
3901.2149,0
3901.27625,0
3901.333083,0
3901.393767,0
3901.451267,0
3901.511433,0
3901.569783,0
3901.629117,0
3901.686117,0
3901.746633,0
3901.8038,0
3901.864133,0
3901.92115,0
3901.981817,0
3902.036817,0
3902.0995,0
3902.156167,0
3903.61465,0
3905.06445,0
3906.495433,0
3910.002917,0
3925.349183,0
3940.434933,0
3942.620983,0
3942.71265,0
3942.721667,0
3942.789833,0
3942.852,0
3942.909683,0
3942.96885,0
3943.035183,0
3943.0932,0
3943.151867,0
3943.2097,0
3943.269883,0
3943.327383,0
3943.38705,0
3943.4444,0
3943.504567,0
3943.562583,0
3943.62225,0
3943.67975,0
3943.739933,0
3943.795933,0
3943.857433,0
3943.91545,0
3943.975117,0
3944.030783,0
3944.092633,0
3944.146467,0
3944.203467,0
3944.26265,0
3944.32015,0
3944.38015,0
3944.437833,0
3945.875967,0
3947.312617,0
3948.763083,0
3952.256633,0
3967.621017,0.3
3982.704583,0.3
3984.857783,0.3
3984.949467,0.3
3984.9623,0.3
3985.030133,0.3
3985.092983,0.3
3985.14965,0.3
3985.21065,0.3
3985.265333,0.3
3985.328167,0.3
3985.384667,0.3
3985.445683,0.3
3985.505017,0.3
3985.56335,0.3
3985.619033,0.3
3985.681033,0.3
3985.738217,0.3
3985.79855,0.3
3985.854217,0.3
3985.916233,0.3
3985.973067,0.3
3986.0339,0.3
3986.090583,0.3
3986.15125,0.3
3986.209583,0.3
3986.2691,0.3
3986.3256,0.3
3986.3866,0.3
3986.441617,0.3
3986.504283,0.3
3986.559283,0.3
3986.6143,0.3
3986.674133,0.3
3988.116117,0.3
3989.547917,0.3
3991.0034,0.3
3994.49795,0.3
4009.858133,0.3
4024.943783,0.3
4027.099667,0.3
4027.19135,0.3
4027.203517,0.3
4027.26985,0.3
4027.3342,0.3
4027.388867,0.3
4027.4517,0.3
4027.507883,0.3
4027.569383,0.3
4027.628717,0.3
4027.687067,0.3
4027.7464,0.3
4027.804733,0.3
4027.861583,0.3
4027.922417,0.3
4027.981267,0.3
4028.039933,0.3
4028.097933,0.3
4028.157617,0.3
4028.21495,0.3
4028.275117,0.3
4028.3318,0.3
4028.3928,0.3
4028.449467,0.3
4028.510483,0.3
4028.564483,0.3
4028.627983,0.3
4028.684,0.3
4028.745667,0.3
4028.800833,0.3
4028.86335,0.3
4028.91985,0.3
4030.365333,0.3
4031.802633,0.3
4033.25195,0.3
4036.767717,0.3
4052.0997,0.3
4067.185167,0.3
4069.3427,0.3
4069.434383,0.3
4069.444883,0.3
4069.51255,0.3
4069.575567,0.3
4069.632733,0.3
4069.69325,0.3
4069.750083,0.3
4069.81075,0.3
4069.8681,0.3
4069.928433,0.3
4069.9856,0.3
4070.04595,0.3
4070.100783,0.3
4070.163617,0.3
4070.221133,0.3
4070.2813,0.3
4070.337967,0.3
4070.398817,0.3
4070.454983,0.3
4070.516483,0.3
4070.574833,0.3
4070.634167,0.3
4070.691833,0.3
4070.751683,0.3
4070.80835,0.3
4070.8692,0.3
4070.926867,0.3
4070.986867,0.3
4071.044217,0.3
4071.10455,0.3
4071.161383,0.3
4072.586367,0.3
4074.017333,0.3
4075.453983,0.3
4078.941417,0.3
4094.342733,0.3
4109.426217,0.3
4111.5946,0.3
4111.686283,0.3
4111.699283,0.3
4111.76695,0.3
4111.829967,0.3
4111.886133,0.3
4111.947467,0.3
4112.000483,0.3
4112.058817,0.3
4112.117483,0.3
4112.174667,0.3
4112.235,0.3
4112.2925,0.3
4112.35235,0.3
4112.409683,0.3
4112.470183,0.3
4112.5267,0.3
4112.587867,0.3
4112.643867,0.3
4112.705383,0.3
4112.762883,0.3
4112.81655,0.3
4112.8754,0.3
4112.933567,0.3
4112.992917,0.3
4113.050583,0.3
4113.110583,0.3
4113.167433,0.3
4113.227933,0.3
4113.284933,0.3
4113.345783,0.3
4113.402283,0.3
4114.8511,0.3
4116.300567,0.3
4117.74755,0.3
4121.235067,0.3
4136.595133,0.3
4151.680867,0.3
4153.86225,0.3
4153.953933,0.3
4153.966767,0.3
4154.035433,0.3
4154.09745,0.3
4154.153783,0.3
4154.215117,0.3
4154.272967,0.3
4154.332633,0.3
4154.389133,0.3
4154.450317,0.3
4154.508983,0.3
4154.567817,0.3
4154.627,0.3
4154.6855,0.3
4154.744167,0.3
4154.803183,0.3
4154.859683,0.3
4154.920533,0.3
4154.977533,0.3
4155.038367,0.3
4155.097217,0.3
4155.15605,0.3
4155.214383,0.3
4155.273567,0.3
4155.3304,0.3
4155.391233,0.3
4155.447917,0.3
4155.50175,0.3
4155.561083,0.3
4155.6186,0.3
4155.6786,0.3
4157.102233,0.3
4158.516717,0.3
4159.93885,0.3
4163.428983,0.3
4178.862433,0.3
4193.9421,0.3
4196.129483,0.3
4196.22115,0.3
4196.233983,0.3
4196.303,0.3
4196.364667,0.3
4196.42,0.3
4196.48235,0.3
4196.537517,0.3
4196.5997,0.3
4196.6537,0.3
4196.717533,0.3
4196.776883,0.3
4196.837383,0.3
4196.894717,0.3
4196.953067,0.3
4197.0109,0.3
4197.070567,0.3
4197.128583,0.3
4197.18825,0.3
4197.24475,0.3
4197.305933,0.3
4197.362267,0.3
4197.424933,0.3
4197.482617,0.3
4197.541117,0.3
4197.59745,0.3
4197.6588,0.3
4197.7153,0.3
4197.7763,0.3
4197.83365,0.3
4197.893983,0.3
4197.951333,0.3
4199.4028,0.3
4200.858783,0.3
4202.29575,0.3
4205.838883,0.3
4221.13035,0.3
4236.215767,0.3
4238.370983,0.3
4238.462667,0.3
4238.4755,0.3
