3253,2.306,3.471,0,28,0
5279,2.21,3.29,0,25,0
6471,3.959,5.063,0,30,2
2514,2.227,3.479,0,34,0
2600,2.192,3.424,0,29,0
2556,2.71,3.865,0,26,1
5831,4.116,5.824,0,36,1
4184,2.942,4.2,0,37,1
6395,2.602,3.795,0,34,0
3482,3.018,4.255,0,31,1
3753,2.276,3.515,0,34,0
4560,3.224,4.522,0,52,1
5850,6.988,9.679,0,60,3
5189,3.913,5.066,0,45,2
3058,2.42,3.639,0,39,0
6623,3.228,4.403,0,32,1
6649,4.035,5.485,0,42,2
3797,3.469,4.697,0,34,1
4856,2.63,3.893,0,32,0
2904,3.265,4.594,0,32,1
6856,3.64,4.836,0,40,2
3843,3.267,4.583,0,33,1
4392,7.153,9.324,0,52,3
3299,3.889,5.014,0,34,2
3746,8.774,11.578,0,68,4
1583,2.459,3.764,0,27,0
4224,6.794,10.015,0,60,3
6506,7.465,9.673,0,59,3
3062,3.296,4.523,0,44,1
4712,2.584,3.922,0,31,0
6564,11.224,14.502,0,88,5
8307,4.624,5.702,0,39,2
3592,4.288,5.943,0,42,1
6134,4.358,5.53,0,38,2
4280,6.111,7.9,0,57,3
12595,7.025,10.228,0,76,3
2308,2.702,4.076,0,27,0
3202,2.771,4.057,0,31,1
4216,5.324,7.046,0,49,2
3713,5.274,6.831,0,53,3
3820,2.861,4.206,0,47,1
6006,8.091,9.887,0,56,4
3935,4.659,6.41,0,41,2
3792,4.119,5.691,0,39,1
3933,2.446,3.822,0,32,0
7742,5.613,7.324,0,50,3
4549,2.719,3.959,0,38,1
7001,4.643,6.167,0,48,2
5284,13.38,20.387,0,111,4
10270,5.25,6.315,0,46,3
3994,6.06,8.137,0,47,3
5220,3.098,4.415,0,41,1
2373,2.73,4.198,0,34,0
5043,3.538,4.753,0,33,1
3952,5.505,7.371,0,53,2
3226,5.528,7.05,0,44,3
3514,3.026,4.382,0,37,1
7167,5.76,7.029,0,46,3
2862,3.711,5.026,0,35,1
2765,2.703,4.108,0,32,0
2954,2.484,3.762,0,25,0
5003,3.959,5.101,0,47,2
7150,4.701,6.381,0,47,2
2707,5.052,6.653,0,36,2
10866,4.186,5.947,0,42,2
3942,3.736,5.036,0,37,2
2644,2.239,3.215,0,30,1
6119,11.43,13.398,0,70,6
3033,5.8,8.523,0,48,2
7200,4.723,6.036,0,41,2
4985,8.946,10.588,0,59,5
2725,3.746,5.197,0,43,1
5237,4.417,5.743,0,58,2
4097,3.272,4.446,0,34,1
4556,2.69,3.875,0,46,1
7031,4.755,6.091,0,42,2
6082,2.704,3.865,0,29,1
10067,3.114,4.295,0,37,1
4726,2.745,4.003,0,33,0
3717,4.262,5.861,0,36,1
6757,8.414,9.678,0,63,5
3661,2.623,3.717,0,31,1
5829,5.955,7.019,0,45,3
7709,6.47,7.515,0,44,4
8675,6.552,9.703,0,67,3
3647,4.39,5.786,0,36,2
2957,4.214,5.425,0,34,2
2080,6.443,9.898,0,58,0
3592,4.655,5.983,0,35,2
4071,9.223,12.461,0,73,4
2116,2.977,4.301,0,31,1
3016,3.572,4.982,0,37,1
2484,3.795,5.204,0,34,1
2900,4.732,6.818,0,50,2
4858,8.036,9.735,0,60,4
3138,6.207,7.992,0,43,3
11682,5.154,6.308,0,44,3
9255,4.712,6.71,0,47,2
4756,3.526,4.878,0,33,1
4706,10.39,12.951,0,80,5
3875,6.909,8.658,0,51,3
7012,3.75,5.281,0,44,1
1566,3.677,4.743,0,31,2
2229,2.663,3.995,0,31,0
8994,3.245,4.533,0,36,1
4179,11.385,14.912,0,89,5
5804,3.156,4.711,0,42,0
9768,4.612,6.001,0,44,2
1883,2.739,4.06,0,29,0
5323,4.276,5.423,0,38,2
4620,3.989,5.35,0,49,2
3257,5.237,6.742,0,37,3
2175,3.18,4.561,0,35,1
5101,7.19,8.887,0,49,4
6295,6.943,8.087,0,47,4
7326,3.928,5.136,0,38,2
4208,4.666,6.046,0,39,2
7252,4.436,5.517,0,35,2
8914,5.605,7.107,0,57,3
2263,2.419,3.475,0,24,0
5390,5.894,7.023,0,56,3
2262,3.411,4.806,0,30,1
9886,37.485,44.057,0,196,17
6665,5.826,7.282,0,48,3
4117,5.14,6.275,0,36,3
3302,3.592,5.13,0,36,1
2124,4.683,6.282,0,41,2
2243,2.705,4.052,0,39,0
4051,4.035,5.231,0,35,2
4591,4.097,5.283,0,42,2
2268,3.379,4.568,0,36,1
3999,10.076,13.337,0,80,4
7676,2.77,4.063,0,45,1
5491,3.393,4.677,0,37,1
4350,5.606,7.066,0,41,3
2515,2.835,4.163,0,34,1
1628,5.326,6.647,0,44,3
2845,3.42,4.599,0,38,1
2338,2.111,3.353,0,28,0
6912,2.825,4.178,0,57,1
3232,2.885,4.097,0,33,1
7656,3.259,4.43,0,37,1
5298,2.736,3.892,0,28,1
4431,5.77,7.976,0,54,2
6884,4.326,5.718,0,40,2
5701,3.986,5.123,0,40,2
4815,4.717,6.03,0,44,2
3062,6.317,8.38,0,54,3
3403,2.946,4.094,0,34,1
8998,2.336,3.676,0,37,0
2437,2.708,3.903,0,34,1
3412,3.17,4.399,0,31,1
4709,3.108,4.329,0,39,1
6950,3.461,4.663,0,33,1
4989,4.192,5.432,0,36,2
2750,3.448,4.876,0,37,1
4886,3.232,4.667,0,38,1
2534,2.566,3.809,0,25,0
8665,3.786,4.961,0,40,2
4516,5.9,7.48,0,47,3
4484,7.877,10.797,0,71,3
3456,2.9,4.246,0,36,1
2910,2.719,4.117,0,43,0
5394,3.517,4.658,0,58,2
3688,5.809,7.801,0,46,2
4669,3.576,4.761,0,39,1
1876,2.487,3.825,0,24,0
3171,3.807,5.128,0,34,1
2861,3.086,4.488,0,37,1
2777,2.788,3.997,0,27,0
4913,4.741,6.343,0,47,2
5335,3.309,4.453,0,31,1
3511,3.691,4.947,0,46,1
5705,5.667,7.056,0,52,3
3733,6.887,8.878,0,56,3
4109,5.866,7.49,0,47,3
4577,11.36,14.316,0,84,6
3754,4.078,5.308,0,36,2
8854,5.909,7.764,0,63,3
2177,3.406,4.654,0,35,1
3332,3.689,5.129,0,39,1
4509,4.259,5.427,0,38,2
2668,4.609,6.425,0,42,2
5145,8.902,10.69,0,59,5
6489,4.506,6.444,0,53,2
2453,3.012,4.361,0,40,1
2696,2.608,3.917,0,46,0
5504,2.669,4.225,0,50,0
3609,2.819,4.226,0,33,0
2516,4.853,6.411,0,51,2
4843,6.195,7.543,0,43,3
1805,2.704,4.045,0,28,0
3703,6.045,7.679,0,46,3
2802,2.682,4.048,0,36,0
4274,19.502,24.805,0,119,8
4855,3.181,4.614,0,49,1
4131,3.073,4.498,0,35,1
7428,2.554,3.679,0,57,1
2418,3.847,5.28,0,35,1
3325,5.131,6.471,0,46,3
5582,4.169,5.677,0,44,2
3964,2,3.447,0,40,0
2802,4.204,5.404,0,49,2
4337,2.731,4.197,0,40,0
8578,5.712,7.21,0,50,3
4042,9.405,10.435,0,55,6
3897,2.633,3.731,0,48,1
7539,3.57,4.736,0,49,2
1792,2.193,3.271,0,19,0
6040,8.578,9.492,0,58,5
6298,3.248,4.333,0,34,1
7258,4.224,5.572,0,43,2
1827,2.911,4.076,0,27,1
6245,5.074,5.983,0,40,3
4097,7.667,9.628,0,66,4
5521,2.546,3.749,0,33,0
3081,2.582,3.765,0,34,1
6376,4.587,5.658,0,58,3
5006,3.27,4.666,0,39,1
3071,3.263,4.374,0,36,1
6035,4.921,6.061,0,43,3
7684,7.126,7.919,0,49,5
7821,3.75,4.835,0,39,2
2480,4.817,6.333,0,44,2
6963,3.517,4.69,0,40,1
3656,8.147,10.078,0,56,4
2946,3.686,5.018,0,40,1
3450,2.657,3.853,0,32,0
2842,2.756,4.005,0,45,1
3563,4.264,5.62,0,44,2
4467,4,5.243,0,37,2
6041,3.334,4.451,0,37,1
8707,2.89,4.06,0,36,1
4569,5.12,6.228,0,50,3
7422,4.786,5.888,0,39,3
2908,4.268,5.587,0,39,2
5674,4.631,5.684,0,40,3
3357,2.618,3.943,0,34,0
5443,3.007,4.058,0,30,1
8221,5.126,6.213,0,40,3
9126,4.605,5.811,0,48,2
6832,4.064,5.34,0,38,2
3502,3.025,4.369,0,34,1
3428,9.935,14.2,0,73,4
6625,10.614,13.422,0,83,5
7489,2.7,4.045,0,38,0
4040,8.125,10.447,0,70,4
2924,4.036,5.328,0,40,2
4965,7.801,10.576,0,66,3
4374,3.289,4.594,0,47,1
2203,2.838,4.407,0,40,0
5302,4.828,5.909,0,48,3
3393,6.94,10.031,0,61,3
1552,3.27,4.44,0,34,1
4108,3.407,4.605,0,44,1
3338,3.504,4.895,0,32,1
9522,11.765,20.352,0,130,4
9350,5.357,8.482,0,60,2
3702,3.699,4.996,0,33,1
6957,4.773,6.216,0,56,2
2604,4.757,6.285,0,46,2
2995,4.56,5.969,0,40,2
9064,6.168,9.399,0,78,2
4977,4.546,5.818,0,53,2
5551,3.422,4.888,0,46,1
2657,4.204,5.737,0,38,2
5507,3.26,4.528,0,40,1
3076,4.598,5.673,0,38,2
10982,7.955,10.651,0,67,4
3985,20.873,28.999,0,134,7
5185,2.954,4.264,0,40,1
2232,4.123,5.276,0,42,2
3377,3.877,5.035,0,35,2
4307,4.483,5.646,0,43,2
1756,3.466,4.788,0,31,1
2401,3.283,4.617,0,39,1
2992,2.389,3.715,0,34,0
1962,2.118,3.262,0,31,0
3091,2.334,3.498,0,38,0
5228,3.031,4.28,0,34,1
5979,9.051,10.906,0,78,5
2699,2.707,4.047,0,30,0
4376,4.867,6.196,0,46,2
2256,3.184,4.378,0,37,1
8695,5.836,8.07,0,59,2
4735,5.104,6.639,0,50,2
6207,5.638,6.75,0,42,3
9279,2.593,3.765,0,36,1
2810,2.423,3.731,0,29,0
3387,3.567,4.975,0,41,1
2862,4.358,6.191,0,38,1
4779,3.264,4.51,0,35,1
6075,3.609,4.894,0,43,2
3147,3.221,4.443,0,34,1
3224,6.093,8.013,0,52,3
5908,5.514,6.915,0,46,3
12126,4.381,5.768,0,48,2
2517,2.553,3.773,0,27,0
2491,2.833,4.155,0,29,1
7255,2.514,3.84,0,41,0
4648,5.498,7.023,0,43,3
3413,3.667,4.999,0,35,1
3400,3.956,5.319,0,32,2
9609,5.644,6.88,0,43,3
5144,5.56,7.085,0,45,3
8156,3.912,5.379,0,46,1
4173,6.657,8.504,0,52,3
9911,4.46,6.693,0,54,2
5598,7.446,9.661,0,59,3
4711,6.047,7.399,0,48,3
2988,3.332,4.701,0,34,1
10464,4.298,5.669,0,68,2
4350,3.103,4.4,0,37,1
3561,2.868,4.297,0,34,0
6577,5.161,6.619,0,49,3
3991,7.029,9.114,0,60,3
2456,3.575,4.984,0,32,1
2547,3.349,4.796,0,44,1
3253,5.491,7.323,0,52,3
6335,3.281,4.691,0,70,1
10814,7.993,13.204,0,97,3
2364,5.975,7.613,0,43,3
2831,7.402,11.033,0,58,2
2725,2.155,3.382,0,32,0
5252,4.447,5.747,0,46,2
5185,4.289,6.022,0,47,1
8051,3.468,4.772,0,37,1
5512,5.589,6.705,0,40,3
6031,5.85,7.362,0,52,3
4985,6.874,8.503,0,53,4
7115,10.147,14.994,0,97,4
3711,4.688,6.32,0,38,2
2838,5.123,6.74,0,42,2
12082,2.966,4.345,0,43,1
3359,2.894,4.294,0,38,1
6711,5.923,7.137,0,51,3
4492,4.331,5.905,0,42,2
3746,2.644,4.241,0,30,0
1878,2.703,3.888,0,25,1
2398,2.435,3.555,0,23,0
3889,2.022,3.16,0,26,0
3803,2.985,4.281,0,36,1
3628,7.22,8.58,0,48,4
2657,2.436,3.569,0,31,0
4775,2.948,4.107,0,39,1
2310,2.802,3.933,0,29,1
5319,2.165,3.493,0,35,0
8564,5.617,6.479,0,54,4
4418,2.201,3.48,0,33,0
4284,3.375,4.619,0,32,1
3944,4.419,5.734,0,31,2
3154,4.706,6.272,0,41,2
4461,3.928,5.219,0,44,2
8435,6.653,8.914,0,56,3
4939,97.899,127.536,0,639,31
2937,4.503,6.133,0,42,2
2953,3.584,5.012,0,33,1
2565,2.843,4.197,0,37,0
2540,3.349,4.671,0,37,1
10077,5.733,8.989,0,75,2
4520,8.544,10.169,0,52,5
5951,4.416,5.579,0,39,2
5482,9.089,13.774,0,85,3
2586,5.136,7.066,0,39,2
3455,4.821,6.287,0,40,2
8474,7.276,9.015,0,60,4
3743,3.144,4.408,0,32,1
3307,3.022,4.466,0,38,1
2823,2.465,3.867,0,29,0
5310,2.53,3.899,0,48,0
5186,3.38,4.606,0,38,1
4393,13.364,17.257,0,87,6
2324,2.411,3.629,0,34,0
1875,3.366,5.021,0,33,1
5490,2.469,3.951,0,42,0
2377,6.902,9.774,0,57,2
5339,48.869,54.877,0,232,22
10000,3.639,4.917,0,41,1
3602,3.8,4.958,0,33,2
10593,5.944,8.691,0,72,3
4829,3.185,4.463,0,39,1
4015,6.016,7.816,0,46,3
2964,5.512,6.643,0,40,3
5387,2.625,4.017,0,32,0
5310,7.369,8.751,0,63,4
5628,3.446,4.809,0,41,1
2276,3.071,4.521,0,33,0
2733,4.401,5.79,0,42,2
5749,10.929,15.459,0,81,4
3671,3.065,4.469,0,36,1
4920,10.303,12.149,0,66,6
2789,4.134,5.377,0,33,2
4632,12.124,13.78,0,74,7
5313,6.625,8.1,0,52,3
5974,3.032,4.423,0,35,0
9618,6.66,8.51,0,61,3
3370,4.13,5.79,0,45,1
6917,17.165,18.581,0,103,10
2254,5.068,6.807,0,43,2
4050,10.97,13.189,0,70,6
2893,3.218,4.401,0,33,1
2057,3.112,4.686,0,32,0
1895,6.887,8.292,0,60,4
6013,6.325,7.36,0,45,4
7828,4.193,5.902,0,59,1
2253,3.279,4.364,0,30,1
8166,4.808,6.836,0,50,2
3429,2.569,3.992,0,30,0
6948,18.498,19.98,0,98,10
6161,4.581,6.138,0,49,2
3191,4.469,5.987,0,43,2
2379,2.9,4.313,0,30,0
2388,4.353,5.905,0,38,2
5505,2.308,3.773,0,34,0
3962,13.139,16.231,0,100,7
2486,8.243,11.858,0,70,3
3013,4.769,6.134,0,38,2
3128,3.705,4.961,0,32,1
2835,3.162,4.592,0,42,1
2540,5.141,6.51,0,39,2
2915,2.562,3.622,0,28,1
1808,2.012,3.136,0,42,0
2017,2.723,3.99,0,30,1
3677,7.31,10.652,0,62,2
10129,3.117,4.428,0,41,1
5209,4.89,6.224,0,43,2
4624,3.636,4.836,0,35,2
2647,2.195,3.495,0,31,0
3264,2.807,3.982,0,35,1
4494,3.107,4.334,0,37,1
1935,3.808,5.513,0,37,1
3398,2.545,3.956,0,37,0
4651,3.811,5.356,0,33,1
7913,2.808,4.253,0,34,0
4402,8.443,10.893,0,79,4
11118,3.778,4.868,0,37,2
4191,3.896,5.133,0,36,2
3074,2.251,3.581,0,33,0
5145,32.857,44.833,0,182,9
3386,2.894,4.135,0,39,1
4165,3.802,5.352,0,46,1
8405,6.73,7.973,0,49,4
2658,3.902,5.924,0,37,1
1716,2.343,3.635,0,30,0
3516,3.378,4.671,0,40,1
3355,4.393,5.805,0,42,2
3377,3.049,4.448,0,41,1
3514,4.805,6.23,0,42,2
4661,2.498,3.708,0,27,0
3735,8.777,12.187,0,64,3
3910,2.391,3.697,0,29,0
4227,4.002,5.644,0,36,1
3593,3.392,4.649,0,33,1
3142,3.301,4.601,0,36,1
2362,2.739,4.139,0,29,0
3930,3.932,5.156,0,40,2
3720,3.122,4.418,0,42,1
3224,5.333,7.766,0,47,2
4933,5.88,7.663,0,42,3
3098,3.854,5.312,0,32,1
5095,3.214,4.369,0,42,1
6812,6.065,7.907,0,67,3
6446,5.195,6.17,0,41,3
13911,7.743,11.922,0,97,4
4857,3.564,4.686,0,35,2
4512,6.796,9.151,0,57,3
7098,5.103,7.698,0,52,2
10926,5.558,8.93,0,76,1
3062,2.437,3.915,0,36,0
4160,2.822,4.211,0,31,0
3671,4.439,5.823,0,39,2
2178,5.137,6.942,0,40,2
12551,4.296,5.482,0,46,2
5675,2.712,4.059,0,42,0
3755,5.316,7.349,0,54,2
3332,3.23,4.595,0,32,1
6738,10.497,13.042,0,73,5
4091,2.372,3.915,0,33,0
4072,5.788,7.659,0,44,2
8625,2.477,3.888,0,35,0
2952,5.566,7.532,0,46,2
3081,2.728,4.161,0,35,0
2530,3.018,4.382,0,27,1
5466,2.705,4.007,0,33,0
2037,3.489,5.182,0,31,1
5957,4.564,5.841,0,44,2
6029,5.345,6.841,0,46,3
4315,15.241,18.975,0,98,7
5365,9.082,10.961,0,57,5
6767,4.172,5.34,0,39,2
1863,3.128,4.678,0,36,0
3395,3.04,4.437,0,28,1
8179,3.823,5.204,0,40,1
6415,22.159,26.141,0,123,10
4348,4.906,6.258,0,46,2
4345,3.304,4.771,0,34,1
4207,6.66,8.728,0,49,3
4088,3.191,4.586,0,37,1
5620,2.302,3.676,0,29,0
5323,2.72,4.155,0,36,0
1750,2.889,4.759,0,33,0
4467,3.675,5.269,0,38,1
3739,4.416,5.967,0,52,2
1680,2.661,3.98,0,26,0
3796,3.332,4.643,0,34,1
3837,6.158,7.583,0,48,3
2640,3.674,5.235,0,46,1
3019,6.757,10.195,0,64,2
3092,2.191,3.695,0,32,0
3269,4.331,5.719,0,35,2
3391,13.517,17.154,0,102,6
5924,3.439,5.301,0,51,0
2812,1.962,3.464,0,29,0
1534,1.804,2.882,0,22,0
2395,2.591,3.849,0,39,1
3489,2.296,3.495,0,24,0
4014,4.187,6.631,0,51,1
3294,5.805,8.993,0,63,2
5402,3.368,4.623,0,48,1
8652,4.721,6.926,0,52,2
4695,3.189,4.44,0,43,1
3108,2.909,4.074,0,27,1
4112,6.588,9.038,0,49,3
5033,3.483,4.554,0,38,2
10794,4.492,6.327,0,53,2
7472,7.286,8.674,0,65,4
2816,2.996,4.168,0,29,1
5662,3.396,4.636,0,42,1
3705,2.221,3.526,0,31,0
8371,4.007,5.609,0,43,2
1556,5.077,7.314,0,43,2
7796,7.599,8.825,0,51,4
7903,4.782,5.947,0,47,3
2310,2.617,3.733,0,35,1
5094,4.436,5.736,0,38,2
4276,2.471,3.77,0,32,0
2857,2.521,3.621,0,26,0
2276,2.982,4.22,0,37,1
3307,2.806,4.143,0,26,0
3736,3.004,4.118,0,28,1
4941,4.618,6.131,0,43,2
5045,4.385,6.088,0,51,2
3831,5.121,6.663,0,37,2
3693,5.36,6.788,0,45,3
6582,5.443,6.881,0,44,3
3857,2.847,4.073,0,36,1
4515,4.059,5.096,0,30,2
4655,3.17,4.388,0,32,1
3083,2.886,4.183,0,29,0
4324,3.303,4.632,0,37,1
3309,3.275,4.548,0,30,1
3072,3.283,4.651,0,50,1
3077,8.588,11.035,0,57,4
3481,4.724,5.887,0,43,2
5757,6.819,8.445,0,68,4
6028,3.307,4.78,0,40,1
5881,2.579,3.733,0,36,1
4795,4.906,8.255,0,95,1
8594,4.052,5.388,0,40,2
5856,3.717,4.95,0,56,2
4303,3.1,4.476,0,33,1
2818,3.32,4.702,0,36,1
12448,3.234,4.61,0,38,1
3199,3.276,4.564,0,33,1
2945,3.472,4.856,0,31,1
3934,3.258,4.778,0,47,1
3088,3.994,5.824,0,47,1
4050,3.92,5.185,0,35,2
5193,16.478,21.027,0,104,7
7742,4.435,5.905,0,39,2
9567,6.851,8.33,0,54,4
2590,2.829,4.249,0,35,0
4359,4.393,5.754,0,38,2
2921,5.125,6.839,0,49,2
4171,2.614,3.904,0,36,0
3017,3.177,4.573,0,37,1
12185,10.003,10.927,0,66,6
4912,3.277,4.606,0,36,1
4171,3.621,5.115,0,34,1
5063,4.247,5.584,0,40,2
5641,5.157,6.733,0,45,2
2407,3.932,5.636,0,44,1
4432,5.689,7.56,0,44,3
4517,5.008,6.307,0,50,3
5582,3.269,4.659,0,36,1
3591,5.432,6.779,0,38,3
4715,7.141,8.878,0,54,4
2289,2.758,4.126,0,32,0
2480,2.55,3.87,0,40,0
3793,2.285,3.73,0,36,0
2253,2.009,3.438,0,33,0
3805,6.766,9.171,0,52,3
3803,2.562,4.058,0,37,0
4787,3.109,4.592,0,36,1
1694,3.164,4.733,0,24,0
2113,6.828,8.466,0,46,3
2236,3.328,4.651,0,42,1
1840,1.416,2.693,0,35,0
4876,6.15,7.877,0,59,3
4423,2.329,3.608,0,50,0
5741,4.988,7.861,0,56,1
9398,2.544,4.418,0,44,0
6045,2.16,3.507,0,27,0
8455,7.307,8.925,0,62,4
7023,3.119,4.535,0,37,1
2734,1.965,3.423,0,30,0
3732,2.028,3.558,0,37,0
3552,2.57,3.946,0,29,0
4089,5.757,7.767,0,47,2
3265,4.533,6.264,0,42,1
3181,2.695,4.203,0,30,0
2885,2.882,4.294,0,46,0
5154,9.987,12.905,0,68,4
7665,6.382,8.387,0,56,3
3849,1.937,3.376,0,34,0
3090,2.403,3.987,0,27,0
2996,7.708,10.736,0,59,3
6089,4.646,6.417,0,41,2
4866,3.693,5.272,0,40,1
5692,2.283,3.819,0,47,0
4793,6.061,8.633,0,52,2
5110,10.266,12.841,0,68,5
5236,2.607,4.081,0,32,0
3411,3.045,4.536,0,39,0
6101,7.683,9.644,0,55,4
3413,7.274,10.784,0,59,2
3759,4.049,6.019,0,38,1
2771,8.57,12.71,0,79,2
6775,25.509,34.314,0,139,6
2360,2.936,4.745,0,48,0
4540,4.547,6.28,0,45,1
3998,11.256,15.346,0,76,4
3353,3.863,5.492,0,46,1
4358,3.13,4.734,0,31,0
3321,6.5,8.826,0,49,2
12423,2.491,4.041,0,35,0
2210,1.989,3.467,0,34,0
3151,5.028,7.174,0,43,1
9916,3.204,4.821,0,41,1
2261,1.902,3.384,0,29,0
4069,2.057,3.605,0,36,0
3089,3.572,5.367,0,42,1
3845,3.753,5.4,0,34,1
5817,8.435,10.879,0,62,3
4788,11.303,16.37,0,92,3
2929,2.287,3.996,0,36,0
4397,2.056,3.665,0,35,0
2713,2.336,3.891,0,30,0
11667,5.427,8.481,0,56,1
2803,2.733,4.301,0,35,0
2801,3.398,5.448,0,43,0
8191,9.184,14.488,0,94,3
3205,5.111,7.713,0,53,1
6869,7.661,9.955,0,68,3
4395,2.405,3.979,0,35,0
4007,2.245,3.76,0,31,0
4238,2.156,3.657,0,31,0
2952,2.905,4.749,0,37,0
1851,2.204,3.873,0,38,0
6101,2.461,4.111,0,41,0
3713,4.715,7.03,0,47,1
9745,8.478,10.038,0,62,5
1525,2.126,3.707,0,23,0
5477,3.156,5.115,0,39,0
1674,2.151,3.814,0,27,0
3068,7.238,10.413,0,67,2
4937,4.868,7.293,0,51,1
5895,12.436,15.641,0,77,5
3121,3.119,4.783,0,34,0
3699,4.167,6.259,0,47,1
3090,2.741,4.331,0,31,0
3008,2.043,3.502,0,24,0
6183,2.852,4.323,0,32,0
4122,5.369,7.617,0,48,2
2823,1.504,2.969,0,23,0
1517,0.743,2.381,0,25,0
2552,22.44,30.874,0,121,0
4367,2.604,3.92,0,37,0
4799,5.565,7.233,0,51,3
4007,2.125,3.52,0,31,0
5043,6.443,8.543,0,47,3
9581,5.387,6.751,0,49,3
6750,2.881,4.453,0,39,0
5105,1.93,3.326,0,33,0
4397,2.753,4.157,0,35,0
2744,1.585,2.935,0,26,0
6400,3.464,4.848,0,48,1
5426,4.084,6.055,0,46,1
10592,6.693,11.114,0,77,1
3459,2.995,4.765,0,38,0
1652,1.561,2.764,0,20,0
11591,3.034,4.778,0,36,0
5199,2.333,3.893,0,38,0
8232,3.754,5.614,0,43,1
4388,7.299,10.089,0,72,3
1761,1.976,3.484,0,26,0
5876,2.087,3.485,0,31,0
4675,4.379,6.356,0,43,1
2148,3.335,5.019,0,32,0
7904,3.182,5.174,0,38,0
2932,2.393,3.845,0,28,0
3992,4.279,6.048,0,38,1
2569,4.459,6.256,0,39,1
2660,4.323,6.29,0,37,1
8619,5.096,8.265,0,66,1
5957,2.127,3.573,0,37,0
3375,1.964,3.401,0,32,0
9200,3.054,4.932,0,39,0
9538,4.627,6.706,0,54,1
12019,7.226,9.141,0,65,4
6663,3.273,4.931,0,41,0
6899,2.616,4.859,0,42,0
12894,2.862,4.42,0,42,0
2814,4.204,6.106,0,39,1
10908,10.896,15.757,0,94,3
4583,3.262,4.781,0,39,1
5601,2.694,4.367,0,36,0
4063,6.743,9.706,0,57,2
2223,3.741,5.448,0,38,1
1670,1.751,3.404,0,34,0
3474,6.755,9.706,0,57,2
6624,6.998,10.353,0,58,2
2969,1.973,3.544,0,26,0
1997,1.978,3.612,0,28,0
2681,6.656,10.185,0,71,1
4830,2.829,4.477,0,48,0
7797,4.552,6.61,0,49,1
10676,3.265,5.007,0,38,0
3820,4.663,6.59,0,42,1
5934,5.273,7.269,0,53,2
5326,4.96,6.789,0,49,2
2049,2.062,3.83,0,37,0
3761,7.014,11.283,0,76,2
4351,5.25,8.085,0,55,1
5448,6.801,9.027,0,68,3
1898,3.834,6.592,0,43,0
3042,2.815,4.406,0,35,0
1850,2.534,4.135,0,26,0
3095,3.145,5.186,0,36,0
6354,13.013,17.716,0,105,4
7468,4.499,6.134,0,43,2
1827,2.584,4.41,0,34,0
5653,3.732,5.793,0,37,0
5393,4.594,6.422,0,52,1
4693,2.805,4.423,0,32,0
5705,2.566,4.099,0,43,0
1970,2.226,3.797,0,30,0
3584,3.734,5.67,0,41,0
3197,2.603,4.197,0,44,0
6694,2.15,3.576,0,40,0
2270,5.579,8.442,0,53,1
3955,3.06,5.314,0,48,0
2764,2.24,4.081,0,32,0
5688,2.703,4.437,0,34,0
2170,3.381,5.67,0,42,0
2884,2.45,4.071,0,35,0
4830,4.399,6.436,0,39,1
4335,2.222,3.914,0,42,0
4724,3.658,5.264,0,47,1
3961,2.789,3.469,0,28,1
3554,4.828,6.296,0,48,3
1875,3.851,4.748,0,33,2
3365,3.5,4.369,0,29,2
3858,3.354,4.296,0,37,2
3419,5.522,7.326,0,55,3
5379,5.814,6.833,0,51,4
6225,4.56,6.031,0,45,2
4443,3.032,3.897,0,38,1
8795,4.691,5.31,0,44,3
10480,5.672,6.319,0,45,4
10312,5.131,5.803,0,46,3
2855,5.518,6.461,0,46,3
5781,8.545,9.495,0,49,5
4322,3.497,4.449,0,41,2
6586,3.272,4.129,0,34,2
2011,2.713,3.761,0,32,1
9437,6.744,8.654,0,53,4
4374,3.316,4.104,0,35,2
8665,7.379,8.488,0,60,5
6691,7.777,8.391,0,55,5
4884,4.654,5.523,0,46,3
6205,4.444,5.217,0,44,3
2587,4.058,5.235,0,38,2
9448,5.885,6.603,0,56,4
2723,7.613,9.976,0,52,4
3608,4.581,5.53,0,33,3
3054,5.544,6.723,0,40,3
4670,5.665,6.394,0,36,4
4379,4.435,5.294,0,36,3
12717,7.75,8.585,0,64,5
5468,4.606,5.328,0,39,3
3454,4.747,5.7,0,38,3
4352,6.572,7.908,0,48,4
3245,4.901,5.702,0,36,3
6178,5.351,6.127,0,50,4
5898,5.231,5.755,0,43,4
7800,7.158,7.82,0,51,5
3378,4.406,5.382,0,49,2
3759,4.992,5.983,0,43,3
3989,3.503,4.455,0,32,2
2740,4.919,6.183,0,42,3
2139,4.379,4.991,0,45,3
2390,3.739,4.713,0,32,2
8633,4.568,5.29,0,37,3
10377,5.254,6.301,0,43,3
3309,3.4,4.375,0,25,2
3488,12.759,16.376,0,78,6
4266,4.999,5.627,0,38,3
11208,5.563,6.362,0,51,4
10228,8.072,9.279,0,59,5
6362,7.23,7.687,0,52,5
3481,6.371,7.517,0,74,4
6617,4.054,5.048,0,47,2
9539,7.53,9.998,0,72,4
5009,4.822,5.735,0,44,3
2858,4.915,5.498,0,33,3
5778,7.523,7.804,0,49,6
6171,4.437,5.05,0,38,3
4665,3.525,4.68,0,32,1
7624,3.819,4.927,0,47,2
6805,8.54,9.21,0,55,6
3826,4.346,5.027,0,36,3
5750,10.214,11.003,0,69,7
8034,8.026,8.424,0,48,6
3742,9.886,11.51,0,63,6
7554,5.294,5.856,0,41,4
4564,4.871,7.136,0,44,1
7007,2.257,3.215,0,31,0
3920,3.434,4.426,0,38,2
4656,6.303,7.51,0,41,4
3113,3.802,4.813,0,28,2
4659,4.53,5.469,0,35,3
2322,4.131,5.024,0,30,2
3451,5.434,6.414,0,39,3
9272,4.753,6.203,0,54,2
3204,2.939,4.007,0,31,1
3040,4.513,5.983,0,37,2
2049,3.341,4.372,0,30,2
2192,3.033,4.061,0,28,1
3061,2.92,4.051,0,24,1
2946,3.565,4.733,0,32,2
6147,3.306,4.429,0,43,1
5634,4.537,5.642,0,44,3
8368,4.238,5.309,0,46,2
6468,3.293,4.363,0,46,1
5884,3.473,4.503,0,34,2
5716,4.215,5.205,0,44,2
2802,2.35,3.552,0,27,0
6001,3.74,5.137,0,33,1
3958,3.309,4.419,0,34,1
3130,3.103,4.322,0,46,1
2463,5.066,6.523,0,36,2
6349,3.376,4.539,0,64,1
5517,4.784,5.956,0,52,3
3246,2.79,3.92,0,30,1
4209,5.253,6.627,0,39,2
2381,3.983,5.025,0,34,2
5476,3.923,4.904,0,33,2
5943,7.42,8.895,0,52,4
4332,3.62,4.763,0,56,2
2513,3.049,4.363,0,33,1
4565,3.991,4.975,0,29,2
2456,4.776,6.142,0,44,2
2390,3.985,4.952,0,28,2
8002,5.206,6.586,0,44,3
5638,3.636,4.749,0,34,2
3363,6.083,7.468,0,43,3
4932,3.7,4.84,0,37,2
2292,3.158,4.443,0,37,1
2359,2.736,3.982,0,27,1
1848,3.42,4.743,0,36,1
2993,3.504,4.85,0,38,1
5586,3.554,4.811,0,34,1
9302,6.323,7.289,0,50,4
2797,3.474,4.533,0,38,2
1629,3.109,4.741,0,31,0
5316,3.154,4.374,0,37,1
2331,4.306,5.651,0,45,2
3724,4.137,5.404,0,47,2
5530,4.173,5.27,0,42,2
2168,2.922,4.329,0,31,1
4967,5.634,7.231,0,59,3
3174,5.46,7.036,0,50,3
3174,3.086,4.193,0,29,1
2461,5.405,6.771,0,44,3
2469,3.958,5.141,0,34,2
4349,4.756,5.858,0,43,3
3613,4.245,5.861,0,54,2
4125,7.218,9.65,0,53,3
4132,6.705,8.187,0,50,4
3664,3.371,4.585,0,34,1
4314,7.293,8.548,0,53,4
2021,2.883,4.187,0,27,0
3452,6.726,8.703,0,46,3
8425,5.646,6.979,0,57,3
8724,4.58,5.951,0,48,2
6063,7.992,10.136,0,59,4
2224,3.515,4.748,0,39,2
9398,15.566,18.584,0,89,7
1669,3.044,4.463,0,29,1
2936,3.789,5.06,0,32,2
2152,3.35,4.681,0,34,1
2264,2.237,3.379,0,26,0
7804,12.475,13.861,0,95,7
4384,2.554,3.679,0,32,1
3891,3.146,4.465,0,37,1
2088,1.782,2.886,0,28,0
3516,2.801,3.917,0,31,1
4900,9.676,12.826,0,69,4
4906,1.909,3.148,0,29,0
6073,5.1,6.746,0,45,2
2581,2.131,3.304,0,23,0
4597,3.157,4.419,0,38,1
6466,3.184,4.245,0,32,1
5808,6.719,8.971,0,51,3
3627,3.453,4.907,0,39,1
2948,3.077,4.464,0,36,1
7221,6.287,7.688,0,50,3
10832,3.132,4.294,0,57,1
6914,5.776,7.07,0,45,3
3030,4.094,5.794,0,39,1
3300,2.708,4.327,0,31,0
2526,3.034,4.347,0,34,1
11094,6.676,10.358,0,77,3
7714,3.673,5.101,0,43,1
4065,4.676,6.12,0,38,2
7440,6.914,9.073,0,54,3
3061,2.259,3.68,0,44,0
7488,4.448,5.896,0,49,2
6150,7.272,8.592,0,50,4
10206,6.497,8.637,0,55,3
5068,3.09,4.484,0,38,1
3670,3.464,4.939,0,44,1
3929,10.504,13.981,0,98,4
5102,6.733,8.683,0,50,3
7200,2.515,3.777,0,37,0
8746,4.528,6.11,0,48,2
3561,7.634,9.701,0,52,4
5224,3.442,4.594,0,47,1
2306,8.841,11.379,0,60,4
5466,3.092,4.622,0,39,1
3129,2.472,3.915,0,30,0
4568,3.175,4.512,0,36,1
3682,2.625,4.073,0,34,0
14797,5.994,7.353,0,49,3
10457,5.621,7.748,0,52,2
4925,4.465,6.147,0,42,2
3964,3.715,5.253,0,50,1
4099,3.797,5.194,0,35,1
3790,4.469,6.136,0,32,2
3383,3.986,5.697,0,48,1
12174,7.491,8.84,0,58,4
3384,3.183,4.587,0,38,1
2555,4.491,5.929,0,47,2
3161,3.448,4.929,0,41,1
9878,10.415,14.953,0,104,5
5882,6.722,8.472,0,61,3
7309,4.382,5.831,0,40,2
4238,4.33,5.859,0,39,2
2372,3.013,4.792,0,35,0
1715,2.855,4.447,0,33,0
2275,3.888,5.312,0,46,2
5777,7.181,8.902,0,72,4
6177,3.037,4.295,0,38,1
3874,4.461,5.826,0,40,2
3243,2.582,3.813,0,35,0
3465,5.637,7.501,0,44,2
2896,3.847,5.315,0,34,1
4141,5.445,6.824,0,49,3
7176,15.58,16.824,0,84,9
2620,3.45,4.781,0,34,1
4841,2.742,4.222,0,33,0
5999,2.46,3.59,0,40,0
2928,3.974,5.581,0,41,1
3109,2.619,3.884,0,32,0
4924,7.299,9.815,0,55,3
4631,1.467,3.005,0,28,0
3570,6.464,8.516,0,47,3
9622,3.977,5.42,0,40,1
6176,3.365,4.981,0,41,1
5860,2.06,3.234,0,29,0
3004,2.121,3.338,0,35,0
4528,3.652,4.905,0,45,2
5027,2.343,3.487,0,36,0
2898,2.379,3.655,0,35,0
3147,3.865,5.077,0,34,2
2762,4.89,6.709,0,45,2
2139,3.187,4.56,0,49,1
7469,4.29,5.857,0,38,2
3474,3.992,5.618,0,45,1
7382,2.373,3.532,0,40,0
4386,7.462,9.444,0,64,4
4302,7.648,10.672,0,58,3
9454,2.694,3.919,0,35,0
2249,3.145,4.607,0,36,1
3320,2.624,3.923,0,28,0
8338,4.392,5.696,0,45,2
2541,4.202,5.958,0,46,1
6630,3.535,4.736,0,39,1
7399,4.286,5.433,0,42,2
3700,3.355,4.831,0,38,1
6917,5.887,7.329,0,54,3
2788,2.575,4.044,0,37,0
6561,2.358,3.692,0,35,0
11438,3.412,4.948,0,44,1
8626,3.457,5.188,0,42,1
4246,2.961,4.237,0,35,1
8131,3.972,5.099,0,40,2
2587,2.23,3.594,0,24,0
6070,8.1,10.346,0,56,4
3117,2.385,3.81,0,40,0
3675,3.978,5.581,0,43,1
2258,2.41,3.664,0,29,0
5804,4.356,5.615,0,52,2
8155,4.442,5.827,0,36,2
1680,2.521,3.944,0,30,0
9202,4.185,5.933,0,48,1
3750,11.017,17.485,0,93,3
4137,3.968,5.651,0,44,1
4797,2.947,4.561,0,40,0
3305,3.441,5.012,0,33,1
5730,5.612,7.347,0,51,2
4803,6.894,9.323,0,61,3
10907,5.834,7.872,0,50,2
10074,3.298,4.882,0,38,1
3594,3.453,4.992,0,39,1
6131,5.179,6.742,0,41,2
6786,5.314,7.072,0,49,3
3720,3.36,5.022,0,40,1
3260,3.427,4.911,0,41,1
3256,3.409,4.738,0,36,1
5529,8.549,10.721,0,63,4
5382,7.486,9.681,0,57,3
4928,4.777,6.577,0,40,2
2950,2.722,4.152,0,33,0
2721,2.037,3.52,0,36,0
5742,6.122,7.765,0,56,3
4377,2.324,3.903,0,41,0
4480,7.519,9.837,0,66,3
3777,4.76,7.084,0,51,1
3069,2.708,4.248,0,39,0
2781,3.651,5.976,0,49,0
3621,6.758,9.912,0,56,2
3587,4.484,6.381,0,44,1
9046,3.88,5.828,0,53,1
5827,2.985,4.515,0,36,0
2950,2.773,4.06,0,27,0
2908,2.552,4.029,0,28,0
8296,3.229,4.789,0,43,0
6181,7.319,9.817,0,56,3
5575,6.47,8.343,0,51,3
5179,6.032,7.887,0,58,3
4756,2.262,3.827,0,31,0
2880,4.653,6.435,0,43,2
2017,2.164,3.591,0,39,0
1779,1.254,2.613,0,29,0
2360,2.844,3.891,0,33,1
2612,2.911,4.077,0,27,1
8612,12.957,14.023,0,66,7
7753,4.912,7.124,0,62,2
1856,5.695,7.357,0,39,3
3569,2.504,3.655,0,25,0
7615,4.174,5.58,0,38,2
3228,2.924,4.164,0,31,1
8273,2.287,3.324,0,26,0
3430,2.881,4.032,0,36,1
4193,9.029,12.011,0,68,4
4177,3.293,4.487,0,41,1
3886,3.283,4.425,0,36,1
2310,6.313,8.005,0,55,3
8142,3.155,4.39,0,42,1
3078,3.494,4.651,0,36,1
6333,4.793,6.022,0,45,3
9116,3.014,4.209,0,45,1
4872,2.495,3.724,0,28,0
4423,6.172,8.132,0,47,3
2610,2.979,4.129,0,35,1
6145,3.283,4.554,0,45,1
2132,3.642,4.891,0,29,2
2463,3.436,4.783,0,30,1
3932,3.047,4.194,0,28,1
2292,3.581,4.932,0,29,1
3488,6.223,7.887,0,48,3
3097,5.395,7.39,0,40,2
4922,2.977,4.068,0,30,1
6701,2.833,3.989,0,33,1
5082,4.812,6.445,0,40,2
2304,2.525,4.008,0,35,0
2223,3.391,4.795,0,37,1
3784,2.842,4.096,0,30,0
3454,5.24,6.979,0,50,2
1536,2.781,4.068,0,31,1
2965,2.641,4.016,0,37,0
4565,11.234,13.936,0,72,5
3741,10.77,15.431,0,90,4
7617,5.516,7.301,0,44,3
5464,4.254,5.606,0,58,2
3539,3.626,5.271,0,34,1
2474,5.348,6.832,0,41,3
2912,2.644,4.067,0,41,0
5326,3.808,5.012,0,36,2
2548,4.093,5.405,0,38,2
4326,7.245,8.985,0,49,4
4241,7.473,9.876,0,53,3
2804,3.346,4.755,0,55,1
2795,3.648,5.204,0,36,1
6309,13.158,18.109,0,109,5
3399,4.27,5.896,0,40,2
4963,2.685,3.881,0,37,1
5529,8.374,11.444,0,75,3
3767,5.366,6.717,0,47,3
2519,7.89,11.094,0,61,3
3954,2.601,3.961,0,40,0
2577,2.76,4.171,0,36,0
2018,2.822,4.284,0,42,0
4376,2.511,4.022,0,33,0
2908,4.601,6.169,0,36,2
3531,2.841,4.402,0,32,0
3717,3.955,5.163,0,36,2
5768,3.737,4.949,0,43,2
3478,3.041,4.469,0,37,0
2683,8.297,13.485,0,87,2
2803,4.244,5.775,0,46,2
2183,2.586,4.109,0,42,0
3482,6.748,9.443,0,59,3
6081,3.855,5.142,0,44,1
4360,4.482,5.94,0,40,2
2743,8.473,11.413,0,59,3
6912,13.633,15.643,0,90,7
3458,4.557,6.452,0,46,2
4331,3.423,4.947,0,36,1
9850,15.501,22.969,0,124,6
6464,2.522,3.975,0,36,0
3435,5.725,7.726,0,61,3
4754,4.747,6.16,0,44,2
2445,2.371,3.627,0,60,1
3743,2.738,4.03,0,45,1
5674,4.584,6.249,0,49,2
2626,7.413,10.348,0,48,0
1704,1.408,3.18,0,19,0
3238,3.367,4.607,0,41,1
3538,3.45,4.524,0,36,2
3720,2.455,3.391,0,34,1
2199,3.563,4.898,0,35,1
5011,5.493,7.103,0,51,3
3872,3.877,5.061,0,30,2
7355,8.437,9.077,0,55,6
3081,3.093,4.166,0,29,1
8056,4.738,6.216,0,66,2
4839,3.893,4.963,0,39,2
13742,3.718,4.863,0,35,2
4007,7.065,8.267,0,53,4
4424,4.229,5.176,0,32,2
3380,5.774,7.678,0,44,3
12885,5.968,7.759,0,56,3
6813,4.419,5.523,0,40,2
4808,9.101,12.101,0,92,4
3646,2.438,3.621,0,28,0
3504,2.539,3.584,0,31,1
3520,4.313,5.376,0,39,2
9911,4.942,6.241,0,62,3
2444,6.673,11.618,0,66,1
2628,3.952,5.073,0,32,2
4842,2.782,4.064,0,34,1
3001,5.665,7.378,0,51,3
9204,3.189,4.407,0,35,1
3302,6.014,7.329,0,42,3
2168,4.083,5.763,0,44,1
2633,4.717,5.869,0,33,3
2724,3.028,4.205,0,36,1
14566,5.046,6.296,0,42,3
2725,3.799,5.154,0,39,2
1562,3.015,4.485,0,32,0
5490,5.464,6.954,0,51,3
5405,7.188,8.671,0,49,4
4721,9.455,11.848,0,70,4
6131,5.527,6.4,0,40,3
4782,7.447,9.825,0,52,3
4371,2.884,4.143,0,34,1
2640,3.413,4.792,0,36,1
2517,5.468,7.542,0,41,2
4610,4.631,6.303,0,42,2
8802,4.184,5.271,0,48,2
7860,3.086,4.499,0,43,1
5362,5.546,6.984,0,48,3
4189,2.794,4.046,0,38,1
4885,8.211,9.873,0,57,5
3081,2.543,3.853,0,29,0
4185,2.857,4.207,0,39,1
5087,4.288,5.393,0,35,2
6834,3.145,4.373,0,41,1
4338,3.819,5.156,0,41,2
4627,3.384,4.551,0,35,1
11351,5.283,7.516,0,57,2
7047,5.019,6.133,0,52,3
2385,2.988,4.352,0,30,1
3805,8.322,11.257,0,63,3
3383,5.309,7.214,0,40,2
3995,4.785,6.499,0,44,2
4262,5.344,6.745,0,43,3
5119,10.41,13.419,0,77,5
10390,9.754,13.754,0,87,4
3238,4.883,6.52,0,45,2
2580,2.745,4.156,0,37,0
3544,4.839,6.306,0,35,2
2063,2.985,4.33,0,47,1
2334,3.568,4.998,0,32,1
3904,4.306,5.534,0,35,2
2761,8.321,11.71,0,66,3
1736,2.832,4.374,0,31,0
1959,2.134,3.331,0,26,0
2681,2.202,3.477,0,25,0
3140,3.716,5.125,0,36,1
2928,2.855,4.279,0,47,1
4646,2.803,3.977,0,33,1
3919,3.862,5.151,0,33,2
10644,6.475,7.52,0,52,4
2384,2.627,3.864,0,33,1
5207,3.35,4.554,0,34,1
4614,4.045,5.605,0,47,2
3255,3.919,5.663,0,38,1
3287,2.264,3.414,0,27,0
3676,2.874,4.177,0,34,1
3282,2.394,3.676,0,32,0
2909,3.079,4.645,0,40,1
4364,3.945,5.286,0,35,2
4818,4.603,6.004,0,43,2
4313,4.259,5.61,0,34,2
10204,4.652,6.159,0,57,2
2812,2.952,4.284,0,33,1
5470,4.852,6.424,0,50,2
4470,2.676,4.023,0,39,0
2589,3.31,4.535,0,29,1
5756,3.034,4.385,0,41,1
3122,2.946,4.33,0,34,1
3247,2.404,3.866,0,39,0
3330,3.844,5.32,0,45,1
4654,3.389,4.672,0,35,1
3773,4.957,6.4,0,46,2
10957,9.776,13.848,0,84,4
5118,2.843,4.108,0,32,1
4014,5.925,8.247,0,49,2
5415,3.028,4.364,0,46,1
6469,4.085,5.152,0,34,2
8859,17.498,20.773,0,120,8
3695,4.296,6.106,0,51,2
3777,3.956,5.383,0,46,2
4796,2.736,4.061,0,40,0
5106,2.961,4.196,0,29,1
6761,6.009,8.618,0,64,2
8191,9.758,13.924,0,99,4
3890,4.04,5.391,0,38,2
4149,2.611,3.97,0,53,0
8317,4.496,6.031,0,62,2
12338,4.956,6.265,0,43,3
8484,4.031,5.299,0,48,2
4317,4.639,6.161,0,44,2
4043,2.873,4.302,0,30,0
4646,2.362,3.723,0,29,0
3159,4.123,5.647,0,47,2
3825,3.098,4.536,0,54,1
4739,3.341,4.58,0,43,1
3384,4.251,5.742,0,37,2
4504,8.829,11.219,0,66,4
5018,15.934,19.965,0,103,7
2708,5.066,6.568,0,42,2
2857,3.053,4.347,0,33,1
3401,4.085,5.459,0,42,2
2830,4.832,6.769,0,48,2
4078,3.292,4.628,0,36,1
2429,2.822,4.217,0,39,0
11633,9.671,11.628,0,66,5
3442,5.515,7.225,0,41,2
2996,4.32,5.63,0,42,2
5263,9.811,11.614,0,66,5
3152,6.252,8.244,0,53,3
3463,6.169,8.545,0,50,2
3939,7.179,8.697,0,55,4
2854,9.774,13.606,0,78,3
5175,7.43,8.731,0,73,4
3068,4.298,6.096,0,49,2
3388,3.107,4.557,0,38,1
4199,2.409,3.536,0,38,0
3543,3.902,5.681,0,48,1
5440,4.051,5.454,0,50,2
1859,3.706,5.799,0,45,1
2117,2.982,4.283,0,37,1
4304,4.292,5.536,0,45,2
4437,3.18,4.513,0,34,1
8688,4.088,5.605,0,47,2
5101,3.012,4.282,0,32,1
3093,2.936,4.147,0,33,1
4468,4.767,6.79,0,44,2
5226,4.226,5.632,0,41,2
2879,2.823,4.004,0,30,1
3403,5.171,7.698,0,48,2
7956,10.46,12.596,0,77,5
5055,3.342,4.685,0,40,1
4409,2.568,3.807,0,39,0
4308,2.862,4.133,0,35,1
7128,5.2,6.209,0,51,3
6023,3.317,5.412,0,54,1
6287,5.948,7.322,0,49,3
4941,4.031,5.411,0,36,2
5000,4.959,6.507,0,47,2
4933,5.251,6.761,0,40,3
2903,4.806,7.083,0,51,2
4419,11.117,14.007,0,80,5
4533,2.801,4.03,0,29,1
2801,3.237,4.473,0,28,1
4352,3.533,4.726,0,31,1
3755,4.654,6.187,0,41,2
3630,7.863,11.081,0,70,3
7388,4.565,5.864,0,52,2
9090,4.395,6.892,0,62,1
2679,3.299,4.931,0,40,1
5231,7.344,8.986,0,75,4
7026,4.189,5.361,0,35,2
2156,3.307,4.601,0,32,1
5242,3.475,4.623,0,42,1
7376,4.73,6.385,0,67,2
2146,3.099,4.533,0,31,1
6209,4.009,5.3,0,43,2
3700,10.198,14.196,0,74,4
3706,2.773,4.072,0,32,1
8188,2.858,4.113,0,32,1
4779,2.535,3.891,0,33,0
8618,3.739,5.728,0,46,1
1931,3.129,4.483,0,34,1
2544,3.441,4.673,0,32,1
8139,24.028,39.873,0,200,6
2764,2.554,3.817,0,35,0
4688,3.797,5.04,0,34,2
2029,3.036,4.258,0,26,1
13290,12.472,17.579,0,114,6
6051,18.892,22.54,0,111,8
1755,3.509,5.187,0,36,1
5050,5.136,6.353,0,46,3
3358,6.06,7.534,0,44,3
4187,2.795,4.155,0,34,0
2727,2.711,4.088,0,29,0
10284,13.47,21.503,0,135,5
2373,4.139,5.472,0,34,2
3917,3.6,4.961,0,41,1
4978,4.045,5.252,0,36,2
9658,3.862,5.148,0,43,2
3664,5.067,6.663,0,50,2
6139,2.704,4.064,0,38,0
3858,6.473,9.205,0,52,2
2964,3.752,5.222,0,36,1
1936,4.064,6.334,0,36,0
2749,2.445,3.764,0,40,0
7278,3.022,4.345,0,37,1
4769,2.441,3.771,0,29,0
6036,6.434,7.858,0,53,4
4808,5.995,6.975,0,53,4
2314,3.205,4.521,0,32,1
2635,4.885,6.763,0,48,2
2226,3.252,4.588,0,44,1
9528,3.434,4.79,0,37,1
2515,3.761,5.197,0,37,1
3785,5.593,7.375,0,46,3
11051,3.612,4.967,0,40,1
6138,8.84,10.451,0,59,5
3201,7.04,8.852,0,49,4
3039,19.592,28.367,0,121,6
10147,3.654,4.879,0,39,2
2300,2.454,3.813,0,33,0
1702,3.181,4.75,0,34,1
3513,5.615,7.012,0,44,3
2765,4.5,5.838,0,35,2
4375,4.96,6.127,0,39,3
3569,9.43,12.961,0,72,4
3945,2.376,3.436,0,32,1
2636,2.89,4.262,0,40,1
1574,1.986,3.176,0,30,0
5447,2.12,3.063,0,21,0
6028,2.387,3.391,0,34,1
7549,16.729,19.769,0,95,7
5902,3.514,4.945,0,40,1
5048,8.144,10.837,0,59,3
6265,4.588,7.107,0,59,1
2718,2.43,3.574,0,38,0
3919,5.825,7.842,0,49,2
6069,2.568,3.989,0,42,0
6512,4.533,5.871,0,38,2
2827,4.277,6.121,0,46,2
2552,2.467,3.632,0,28,0
4200,5.791,8.333,0,47,2
2310,2.721,3.909,0,35,1
4713,3.08,4.366,0,37,1
5546,5.477,6.772,0,44,3
3833,3.672,5.086,0,35,1
3056,3.869,5.123,0,44,2
3331,4.191,5.344,0,32,2
3411,4.048,5.626,0,47,2
2897,9.831,13.359,0,66,4
3357,3.687,5.166,0,43,1
5354,2.425,3.749,0,43,0
3544,6.47,10.512,0,71,2
2497,2.759,3.939,0,32,1
2627,4.689,6.169,0,34,2
4053,5.244,6.694,0,49,3
1952,2.578,3.99,0,29,0
2780,3.059,4.379,0,32,1
8572,15.227,25.293,0,151,4
10169,4.669,6.178,0,51,2
5109,3.524,5.182,0,41,1
9277,3.872,5.45,0,49,1
3349,2.407,3.736,0,36,0
5325,4.317,6.023,0,49,2
2482,5.132,7.589,0,59,2
2871,2.207,3.601,0,26,0
9034,4.736,6.359,0,45,2
2738,3.39,4.726,0,32,1
3774,2.853,4.12,0,34,1
8374,4.788,6.359,0,46,2
3361,2.766,4.266,0,38,0
3792,3.757,5.118,0,51,2
4263,3.618,4.787,0,39,2
6493,5.059,6.678,0,45,2
2494,3.986,5.519,0,42,1
5389,2.659,4.033,0,37,0
4540,3.667,4.901,0,30,1
3679,3.462,4.933,0,35,1
4387,2.893,4.216,0,34,1
3942,2.818,4.181,0,38,0
4706,5.176,6.714,0,40,2
3549,4.733,6.452,0,45,2
10722,6.388,8.024,0,62,3
5846,7.452,9.384,0,74,4
3223,4.128,5.586,0,34,2
2540,6.137,8.272,0,43,2
2322,2.568,3.89,0,28,0
10173,5.127,6.435,0,53,3
4159,3.036,4.348,0,36,1
3278,5.216,6.792,0,40,2
3535,8.531,11.414,0,71,4
2530,4.081,5.87,0,49,1
6812,4.187,5.551,0,47,2
5846,3.411,4.587,0,39,1
2138,2.29,3.726,0,30,0
3256,3.975,5.285,0,36,2
4289,4.702,6.218,0,47,2
3326,3.617,5.128,0,34,1
4898,7.106,8.826,0,52,4
1680,2.96,4.514,0,29,0
3152,3.351,4.685,0,40,1
4402,3.05,4.622,0,40,0
3251,3.1,4.552,0,33,0
2651,1.82,3.669,0,37,0
4689,2.621,3.866,0,33,1
2309,3.13,4.361,0,30,1
3820,3.263,4.775,0,49,1
2582,2.821,4.086,0,34,1
11213,4.291,6.931,0,64,2
2968,5.496,8.715,0,58,1
6615,3.196,4.446,0,32,1
4127,4.226,5.573,0,53,2
10873,3.01,4.288,0,38,1
10301,4.289,5.432,0,43,2
4637,13.118,17.828,0,90,5
8212,3.972,5.309,0,39,2
5352,3.655,4.822,0,41,2
4469,2.272,3.664,0,33,0
2772,3.1,4.311,0,34,1
4036,2.801,4.007,0,36,1
4788,3.008,4.219,0,42,1
2767,4.559,6.437,0,37,1
3007,4.366,5.854,0,33,2
5300,4.37,5.522,0,43,2
5172,3.31,4.615,0,31,1
11637,5.591,6.577,0,65,3
3356,2.355,3.541,0,35,0
2115,2.235,3.56,0,27,0
4959,3.171,4.504,0,42,1
4662,5.944,8.684,0,63,2
4790,2.943,4.091,0,36,1
3988,4.594,5.832,0,40,2
3669,2.947,4.107,0,31,1
5665,2.856,4.218,0,38,1
2990,5.114,6.688,0,44,2
3180,3.036,4.344,0,34,1
5343,2.845,4.115,0,33,1
3819,3.722,4.927,0,30,2
10019,7.587,10.059,0,80,4
2097,4.071,5.487,0,36,2
2700,3.317,4.495,0,32,1
8998,5.518,7.002,0,49,3
4482,2.911,4.19,0,36,1
3016,3.178,4.263,0,30,1
5945,3.28,4.42,0,41,1
11442,4.677,5.911,0,58,2
6235,3.586,4.775,0,31,1
2144,2.391,3.941,0,43,0
5991,3.617,5.42,0,37,1
3641,7.174,8.954,0,56,4
4646,4.91,6.227,0,47,2
3926,3.185,4.483,0,37,1
3657,7.479,10.309,0,61,3
5455,10.052,12.666,0,66,5
3084,5.752,6.956,0,41,3
5877,3.076,4.32,0,41,1
3887,2.426,3.839,0,31,0
7602,4.653,6.169,0,44,2
1834,2.664,4.063,0,45,0
5649,3.535,4.967,0,47,1
4081,6.852,9.561,0,52,2
3222,12.331,16.82,0,89,5
4340,5.968,7.332,0,45,3
2394,3.651,5.32,0,48,1
8760,13.459,15.273,0,76,7
2260,2.941,4.305,0,34,1
3206,3.242,4.378,0,29,1
7032,2.593,4.019,0,44,0
4095,6.65,8.56,0,53,3
9938,3.141,4.626,0,40,1
2924,3.388,4.829,0,32,1
3816,6.347,8.589,0,58,3
3708,2.802,4.046,0,35,1
6152,5.293,6.724,0,40,3
2848,3.316,4.437,0,28,1
7365,3.768,5.258,0,41,1
2541,2.438,3.671,0,38,0
4473,3.638,4.957,0,46,1
4195,3.037,4.377,0,39,1
2677,4.079,5.28,0,44,2
3909,3.65,4.907,0,34,1
3269,5.223,6.701,0,46,3
2019,2.25,3.739,0,42,0
5063,2.533,3.718,0,34,1
9350,2.173,3.265,0,29,0
3893,2.949,4.259,0,36,1
12923,2.744,3.985,0,33,1
7230,2.4,3.629,0,44,0
3657,4.763,6.657,0,40,2
3392,2.127,3.29,0,35,0
4580,4.063,5.479,0,37,2
6532,3.093,4.269,0,51,1
4181,2.958,4.202,0,30,1
5980,7.211,9.472,0,63,3
2716,2.986,4.14,0,29,1
5203,4.69,6.001,0,47,2
4929,3.424,4.604,0,34,1
2082,2.862,4.432,0,33,1
4864,5.782,8.352,0,57,2
4355,7.399,9.741,0,60,3
4025,5.416,7.093,0,44,3
8405,2.616,3.841,0,49,0
2959,2.228,3.574,0,27,0
8139,2.43,3.775,0,47,0
4233,6.491,8.842,0,62,3
2168,3.104,4.238,0,30,1
3568,3.707,5.344,0,35,1
6081,4.666,6.029,0,40,2
13784,5.335,6.932,0,46,3
2207,2.759,4.092,0,39,1
3032,3.439,4.818,0,36,1
2704,5.732,7.828,0,51,2
5381,10.532,12.598,0,67,5
2761,3.699,5.152,0,34,1
4710,3.471,4.689,0,38,1
4658,6.224,8.389,0,49,2
2804,3.092,4.468,0,31,1
7338,4.282,5.831,0,66,2
3484,2.566,3.93,0,37,0
3310,5.718,8.707,0,49,2
3530,3.193,4.718,0,50,1
3785,2.808,4.134,0,39,0
6030,4.832,6.005,0,39,3
2909,4.393,6.37,0,42,1
5025,3.26,4.399,0,40,1
4440,2.862,4.282,0,36,1
4818,10.936,14.322,0,77,5
2674,3.988,5.479,0,41,1
4143,3.736,5.187,0,44,1
3613,8.752,11.254,0,62,4
3620,5.954,7.881,0,61,3
5600,3.033,4.267,0,35,1
4453,4.892,6.38,0,50,2
4724,4.027,5.431,0,56,2
6205,5.024,6.199,0,44,3
2574,4.354,6.037,0,39,2
4850,3.73,5.175,0,40,1
3121,4.355,5.819,0,34,2
6369,3.45,4.659,0,33,1
3637,10.809,14.587,0,76,4
2374,3.364,4.777,0,27,1
2949,4.383,6.103,0,44,2
8502,14.76,17.362,0,88,7
7412,3.2,4.66,0,36,1
6549,6.161,7.496,0,51,3
6488,4.506,5.883,0,37,2
4019,6.11,8.003,0,55,3
4066,5.207,6.675,0,48,3
2918,3.081,4.436,0,33,1
10688,5.753,8.049,0,57,2
3750,2.203,3.71,0,34,0
7567,3.665,4.998,0,40,1
8319,4.09,5.755,0,44,1
1716,2.322,3.693,0,27,0
3336,2.954,4.122,0,35,1
3277,6.464,7.864,0,48,4
2673,3.498,5.013,0,34,1
6331,5.487,6.617,0,44,3
6046,15.254,19.614,0,95,6
4756,6.118,7.853,0,50,3
2878,2.857,4.663,0,31,0
6575,2.641,3.779,0,31,1
9397,6.022,6.985,0,42,4
2071,2.539,3.531,0,22,1
5391,2.295,3.48,0,36,0
2445,3.148,4.368,0,27,1
7799,2.888,4.358,0,39,1
5014,6.025,7.606,0,44,3
2639,3.524,4.758,0,31,1
2596,2.272,3.263,0,31,0
7789,10.461,12.525,0,71,5
13744,3.134,4.298,0,43,1
7674,4.44,5.638,0,44,2
8874,54.233,66.4,0,264,15
6346,5.055,5.983,0,42,3
3144,2.501,3.814,0,32,0
7320,3.195,4.436,0,30,1
6973,3.166,4.518,0,36,1
6573,4.428,5.562,0,46,2
4954,3.5,4.66,0,51,2
2507,3.721,5.254,0,43,1
7298,5.657,9.042,0,59,2
2373,6.278,8.845,0,56,2
5242,3.378,4.675,0,40,1
3174,3.391,4.685,0,31,1
2373,3.861,5.633,0,43,1
3561,5.137,6.622,0,39,2
7740,3.094,4.294,0,36,1
3502,5.7,7.177,0,45,3
9929,5.94,7.625,0,61,3
4825,5.253,6.764,0,47,2
5678,4.589,5.775,0,39,2
3215,4.601,5.807,0,38,2
3563,9.291,12.886,0,77,4
3918,6.038,8.052,0,53,3
8350,6.332,8.274,0,57,3
2767,3.54,5.223,0,40,1
3817,3.703,5.011,0,42,1
6088,2.878,4.114,0,38,1
7526,4.625,5.68,0,58,3
4943,2.826,4.157,0,40,0
2563,3.262,4.442,0,34,1
3096,3.189,4.553,0,32,1
6739,6.3,7.197,0,47,4
6018,3.66,4.855,0,38,1
4455,2.903,4.152,0,30,1
7085,6.024,6.949,0,44,4
5365,3.705,5.16,0,36,1
11361,4.661,5.979,0,65,2
4394,2.972,4.291,0,37,1
2461,4.519,5.669,0,38,2
2760,4.963,6.945,0,39,2
3042,3.239,4.429,0,28,1
3832,4.064,5.595,0,44,1
3103,4.163,5.689,0,59,2
4048,5.202,6.691,0,53,3
2752,2.959,4.252,0,34,1
3329,8.283,10.095,0,61,5
2192,2.654,4.038,0,34,0
4658,7.737,8.833,0,51,5
2126,3.222,4.592,0,35,1
2032,3.531,4.813,0,29,1
1725,2.611,3.805,0,31,0
3632,2.53,3.777,0,32,0
1717,2.165,3.275,0,23,0
3542,3.819,5.246,0,38,1
10563,12.216,15.247,0,82,6
2727,4.428,5.629,0,40,2
5870,4.564,5.621,0,44,2
2487,4.022,6.127,0,43,0
1692,4.176,6.298,0,52,0
3975,4.137,5.967,0,38,0
2558,3.444,5.224,0,44,0
2788,6.6,9.786,0,60,1
4761,3.958,5.296,0,46,2
4098,3.618,4.648,0,36,2
4708,3.973,4.98,0,40,2
3837,2.706,3.727,0,32,1
5526,17.234,21.11,0,109,7
10003,3.546,4.866,0,39,1
7605,3.996,5.137,0,45,2
2898,3.395,4.475,0,35,1
2755,2.961,4.185,0,35,1
3261,3.194,4.336,0,40,1
7172,2.387,3.561,0,28,0
2090,2.373,3.645,0,34,0
6016,3.039,4.194,0,34,1
5647,2.87,4.021,0,39,1
4629,3.258,4.571,0,34,1
9500,3.925,4.922,0,35,2
2617,2.345,3.494,0,29,0
7364,23.867,26.681,0,122,12
7273,10.747,12.496,0,74,6
5302,7.352,9.377,0,56,4
5729,8.627,11.34,0,77,4
3659,4.98,6.707,0,45,2
3069,2.539,3.856,0,33,0
6708,3.444,4.514,0,37,2
4348,4.173,5.402,0,43,2
11097,3.535,4.825,0,38,1
7895,3.206,4.424,0,44,1
6673,9.614,11.349,0,71,5
3152,4.096,5.134,0,36,2
3338,3.94,5.018,0,32,2
7819,5.138,6.264,0,43,3
4551,4.035,5.107,0,40,2
3592,5.248,6.708,0,41,3
7615,4.006,5.613,0,37,1
2727,2.976,4.212,0,25,1
3510,14.409,20.935,0,108,5
2791,2.83,4.148,0,37,1
8099,4.969,6.459,0,44,2
6196,4.161,5.824,0,39,1
4365,8.679,12.185,0,74,3
3803,4.801,6.109,0,43,2
3001,8.203,11.333,0,69,3
2302,3.243,4.754,0,41,1
2766,3.375,4.578,0,34,1
2832,5.804,7.409,0,45,3
6713,4.442,5.812,0,38,2
6166,2.868,4.176,0,38,1
2188,2.919,4.02,0,24,1
6145,6.441,7.356,0,46,4
2515,3.236,4.548,0,53,1
1907,2.416,3.972,0,34,0
3308,5.783,7.487,0,40,3
2571,3.238,4.56,0,32,1
10195,5.134,6.43,0,44,3
5200,3.353,4.606,0,39,1
2031,2.523,4,0,35,0
3774,6.024,8.174,0,47,3
7515,3.404,4.926,0,41,1
3065,2.537,3.808,0,32,0
4506,11.007,14.781,0,69,4
3652,10.362,15.147,0,86,3
2995,2.631,3.971,0,37,0
3146,2.708,4.21,0,36,0
3919,3.164,4.561,0,32,1
6852,2.883,4.15,0,33,1
2987,3.547,4.973,0,33,1
3482,4.533,5.999,0,41,2
5225,3.11,4.328,0,33,1
4602,9.67,13.092,0,77,4
5151,3.245,4.348,0,36,1
6674,10.192,12.436,0,73,5
4375,27.768,38.089,0,159,8
2914,2.945,4.359,0,29,1
4190,3.262,4.679,0,39,1
5459,6.4,8.035,0,54,3
2107,2.744,4.131,0,31,0
3611,2.25,3.403,0,27,0
10507,7.656,9.669,0,63,4
1981,3.225,4.915,0,42,1
2762,3.219,4.52,0,31,1
1783,2.31,3.426,0,43,0
8339,7.455,9.742,0,68,4
6215,2.808,4.244,0,39,0
4934,8.45,11.405,0,63,3
2672,2.8,4.467,0,35,0
5785,4.079,5.246,0,44,2
6612,3.906,5.028,0,49,2
1810,1.963,3.312,0,22,0
4152,4.374,5.933,0,44,2
7003,3.651,4.812,0,42,2
8851,3.453,4.924,0,55,1
4356,6.323,8.316,0,46,3
7200,3.14,4.404,0,38,1
5181,4.342,5.619,0,63,2
5145,4.155,5.583,0,42,2
9446,5.317,6.676,0,41,3
6484,5.179,7.063,0,46,2
3769,4.054,5.335,0,38,2
3344,3.463,4.89,0,35,1
1727,3.008,4.361,0,29,1
6649,6.1,7.244,0,49,4
5772,2.487,3.85,0,30,0
4768,9.022,12.034,0,69,3
5735,3.21,4.567,0,40,1
3813,4.544,6.047,0,39,2
3107,2.874,4.212,0,29,1
4766,5.495,7.267,0,43,2
2954,3.743,4.997,0,35,1
9839,4.717,6.259,0,49,2
4848,4.034,5.134,0,36,2
2657,2.41,3.629,0,28,0
3450,3.625,5.189,0,31,1
2162,3.118,4.512,0,39,1
6256,9.977,11.653,0,62,6
3498,3.768,5.367,0,33,1
4338,6.234,7.484,0,42,4
4305,2.863,4.297,0,37,0
5145,5.136,6.769,0,47,2
8162,4.05,5.247,0,40,2
3079,3.023,4.189,0,31,1
4565,4.953,6.231,0,37,3
13410,3.46,4.853,0,45,1
10565,6.11,7.319,0,49,4
4465,2.645,3.916,0,38,0
4268,8.232,10.463,0,61,4
4087,3.196,4.471,0,32,1
4983,3,4.357,0,44,1
3661,19.097,25.864,0,114,6
4649,6.51,7.933,0,48,4
5486,5.578,6.735,0,43,3
2763,3.326,4.767,0,31,1
5566,3.301,4.639,0,42,1
5237,3.04,4.201,0,32,1
3393,4.964,6.714,0,43,2
4941,4.249,5.451,0,35,2
7887,7.694,8.591,0,58,5
3362,2.746,3.936,0,27,1
2805,3.277,4.684,0,44,1
6934,7.529,9.437,0,69,4
4442,2.971,4.229,0,40,1
5511,5.988,7.679,0,47,3
5088,5.081,6.325,0,37,3
11567,5.002,6.334,0,59,3
4160,2.98,4.319,0,34,1
6829,11.219,12.797,0,68,6
2675,6.787,9.871,0,61,3
3520,4.139,5.631,0,40,2
5753,3.211,4.615,0,37,1
3216,3.82,5.212,0,33,1
3929,3.477,5.009,0,39,1
8015,4.3,6.065,0,43,2
4337,4.209,5.476,0,39,2
3739,3.704,5.095,0,34,1
3162,3.109,4.23,0,39,1
3765,5.456,7.224,0,48,2
5028,2.734,3.782,0,34,1
10615,2.823,3.91,0,41,1
5956,11.901,14.784,0,78,5
4269,6.143,8.161,0,47,3
9215,5.604,7.349,0,48,3
4432,5.935,7.929,0,48,3
2328,3.988,5.638,0,39,1
5047,3.979,5.28,0,30,2
5261,2.977,4.065,0,32,1
5422,8.946,12.454,0,76,4
6763,3.559,5.092,0,41,1
6303,2.828,4.148,0,37,1
4652,3.078,4.346,0,31,1
5535,5.595,7.212,0,47,3
3770,3.441,4.669,0,40,1
7930,4.679,6.046,0,42,2
3427,5.505,7.122,0,54,3
4699,4.214,5.374,0,37,2
3124,4.264,5.628,0,42,2
4027,2.755,4.088,0,38,1
4187,2.462,3.676,0,35,0
10171,6.863,9.45,0,70,3
7824,2.941,4.258,0,58,1
4754,13.393,18.662,0,96,5
5984,2.746,3.994,0,31,1
9593,8.691,11.384,0,81,4
4956,3.906,5.193,0,44,2
5038,2.395,3.594,0,28,0
3867,3.858,5.37,0,40,1
4344,2.635,3.915,0,33,0
14555,4.496,5.964,0,43,2
4498,5.329,7.23,0,47,2
10489,3.825,5.238,0,51,1
8465,3.861,5.189,0,34,2
9061,10.358,15.265,0,93,4
4664,13.478,17.439,0,89,6
2783,4.415,5.855,0,32,2
9795,4.981,6.458,0,52,2
8744,4.747,6.022,0,44,2
3811,2.954,4.355,0,35,0
2724,3.967,5.628,0,40,1
2061,3.508,5.09,0,44,1
1507,4.04,5.447,0,39,2
4780,2.635,4.06,0,30,0
2849,2.791,4.031,0,31,1
3550,10.926,14.071,0,70,5
3042,4.635,5.737,0,35,2
5411,6.232,7.509,0,65,4
4785,4.77,6.132,0,47,2
4852,3.513,4.689,0,34,1
2851,3.242,4.47,0,27,1
2862,4.312,5.669,0,34,2
8015,6.734,10.7,0,71,2
2406,3.278,4.46,0,26,1
4604,4.565,5.99,0,37,2
5110,6.021,7.633,0,48,3
6409,5.431,7.013,0,48,3
3028,2.633,4.104,0,40,0
9844,3.982,5.255,0,46,2
14534,12.394,16.547,0,101,6
1995,3.389,4.653,0,48,1
2584,2.441,3.63,0,23,0
3041,3.538,4.549,0,30,2
3957,5.234,6.77,0,47,2
8018,10.678,11.735,0,65,7
3916,3.011,4.329,0,34,1
3108,4.188,5.567,0,46,2
5670,3.904,5.09,0,36,2
6895,6.292,7.756,0,83,3
13457,3.994,5.184,0,42,2
5575,4.566,5.781,0,44,2
11589,2.785,4.279,0,48,0
3178,5.516,7.381,0,46,3
3932,6.163,7.377,0,40,3
2633,3.8,5.431,0,32,1
2152,1.84,3.524,0,30,0
3684,4.514,5.836,0,42,2
4895,14.849,18.628,0,91,5
2392,2.946,4.338,0,35,1
7297,5.785,6.866,0,52,3
9220,6.133,7.822,0,66,3
10259,5.008,6.406,0,61,3
2952,6.052,8.065,0,44,2
4375,7.799,10.353,0,57,3
3706,3.066,4.345,0,36,1
2539,2.374,3.51,0,26,0
7596,2.854,4.135,0,34,1
2217,3.817,5.203,0,32,1
9240,14.239,16.028,0,86,7
4202,3.693,5.217,0,54,1
3507,4.272,5.572,0,32,2
3678,2.855,4.125,0,42,1
4795,3.136,4.35,0,41,1
9373,32.505,37.379,0,151,13
4493,5.754,7.501,0,45,3
3070,7.55,10.455,0,56,3
4600,2.642,3.809,0,35,1
7970,2.983,4.316,0,39,1
5244,3.739,4.794,0,35,2
3719,2.711,3.974,0,32,1
5062,2.765,3.888,0,36,1
4592,4.067,5.335,0,39,2
10587,3.341,4.733,0,45,1
2083,2.47,3.879,0,59,0
3474,4.417,5.673,0,34,2
5317,2.856,4.209,0,34,1
6165,2.332,3.654,0,31,0
3005,4.871,6.959,0,45,2
5088,4.033,5.502,0,41,2
2164,2.918,4.367,0,29,0
1960,3.638,5.084,0,33,1
5373,4.997,6.195,0,43,3
3700,12.654,17.453,0,94,5
3355,5.338,7.108,0,42,2
1756,2.734,4.096,0,34,0
3498,3.047,4.443,0,42,1
5743,9.644,10.973,0,64,6
3509,3.961,5.47,0,42,1
2005,2.833,4.33,0,34,1
6438,6.242,9.461,0,62,2
8578,7.994,15.076,0,119,3
2655,3.091,4.516,0,32,1
4681,2.983,4.361,0,46,1
2610,2.825,4.292,0,40,0
9260,3.365,4.685,0,33,1
7858,4.819,6.907,0,54,2
10371,17.876,27.516,0,144,7
3675,2.868,4.199,0,25,0
7188,3.311,4.774,0,36,1
5732,3.765,5.999,0,43,1
7947,36.13,42.654,0,169,12
4041,5.873,8.005,0,47,2
5177,3.167,4.444,0,34,1
4942,7.544,9.934,0,58,3
2803,3.844,5.427,0,38,1
3090,6.487,9.238,0,53,2
8890,4.826,6.467,0,63,2
2993,7.265,10.957,0,59,2
6340,7.044,8.536,0,83,4
4361,19.346,26.817,0,130,6
5717,4.331,5.832,0,48,2
1788,3.696,5.742,0,42,1
8186,3.315,4.792,0,38,1
4822,6.32,7.973,0,59,3
3942,8.897,12.07,0,71,4
8692,4.907,6.948,0,46,2
3636,2.155,3.264,0,34,0
3055,2.509,3.931,0,29,0
7713,4.47,5.976,0,40,2
2603,3.1,4.274,0,23,1
5509,5.159,6.551,0,40,3
2414,2.364,3.696,0,32,0
1815,3.509,4.984,0,34,1
3692,3.604,4.663,0,31,2
4181,4.623,5.717,0,39,3
5417,3.196,4.396,0,35,1
7821,6.447,8.019,0,57,3
2616,2.275,3.461,0,31,0
14064,4.108,5.33,0,51,2
2693,4.103,5.511,0,39,2
10232,6.143,8.78,0,72,3
8381,11.183,12.963,0,70,6
5306,3.263,4.411,0,38,1
4965,2.677,3.765,0,27,1
10611,3.076,4.313,0,59,1
2512,2.301,3.581,0,36,0
6760,4.995,6.124,0,42,3
5653,7.163,10.073,0,65,3
3312,11.172,14.711,0,68,4
3696,5.758,7.462,0,50,3
5464,4.378,5.452,0,40,2
4196,2.653,3.924,0,38,0
2423,2.759,3.908,0,34,1
2840,2.659,3.945,0,26,0
7229,11.013,13.009,0,72,6
3790,4.078,5.503,0,48,2
4457,3.481,4.813,0,46,1
8808,3.812,5.029,0,38,2
5676,5.461,7.012,0,47,3
2134,3.352,4.485,0,40,1
2944,6.426,8.382,0,49,3
3309,3.824,4.974,0,35,2
3536,7.267,9.289,0,63,4
5262,10.856,14.352,0,84,5
5754,4.503,5.678,0,39,2
6966,4.659,5.735,0,39,3
11793,4.668,5.645,0,43,3
4241,5.514,6.912,0,44,3
4322,3.744,5.008,0,36,2
2738,3.787,4.947,0,34,2
10898,5.554,6.805,0,52,3
3273,3.869,5.218,0,53,2
2029,2.708,3.927,0,34,0
2635,3.945,5.547,0,36,2
1911,2.719,3.918,0,28,1
5611,5.627,7.604,0,52,3
3156,2.679,4.076,0,34,0
1545,2.505,3.742,0,34,0
7940,20.768,24.411,0,117,9
7929,3.809,4.995,0,45,2
7312,6.97,8.473,0,57,4
2687,5.483,7.935,0,46,2
5395,5.314,6.443,0,46,3
9884,3.407,4.66,0,44,1
5416,5.566,6.79,0,41,3
5766,4.138,5.245,0,52,2
3789,3.372,4.823,0,39,1
8203,5.19,5.877,0,35,3
10976,4.083,5.469,0,40,2
9507,4.808,6,0,54,3
8384,8.145,8.478,0,57,6
2603,4.433,6.153,0,38,2
4323,2.63,4.053,0,54,0
3225,9.302,11.223,0,65,5
3102,4.588,6.194,0,45,2
2809,3.68,4.962,0,30,1
8042,10.248,11.786,0,62,6
6553,6.503,7.605,0,52,4
9028,3.953,5.185,0,46,2
2384,3.612,4.766,0,32,2
4143,13.987,17.78,0,83,6
2710,4.708,6.133,0,40,2
3328,4.219,5.846,0,39,1
1776,2.09,3.094,0,23,0
9083,3.915,5.178,0,40,2
3322,4.737,6.384,0,38,2
3973,3.515,4.975,0,36,1
4596,28.464,44.182,0,191,6
4932,4.012,5.555,0,42,2
2471,2.851,4.234,0,27,1
5534,3.312,4.413,0,31,1
3802,2.368,3.585,0,29,0
6648,4.573,6.045,0,46,2
5360,4.348,5.582,0,38,2
7787,3.079,4.204,0,39,1
4403,4.012,5.443,0,54,2
4436,6.316,8.53,0,63,3
7266,5.905,7.553,0,47,3
2540,3.897,5.393,0,32,1
3005,2.702,3.735,0,29,1
3636,3.209,4.476,0,40,1
8570,12.291,14.108,0,81,7
4929,3.358,4.666,0,54,1
4954,3.899,5.083,0,35,2
2859,5.778,8.497,0,52,2
6151,5.675,7.882,0,63,3
5008,6.811,8.725,0,55,3
2798,3.313,4.463,0,38,1
1931,2.483,3.626,0,25,0
4994,2.526,3.822,0,30,0
9469,6.915,8.655,0,65,4
7421,4.159,5.288,0,37,2
1828,2.265,3.547,0,30,0
4223,3.464,4.767,0,49,1
3359,3.229,4.624,0,36,1
2966,4.645,6.218,0,34,2
5205,5.161,6.528,0,40,3
4863,4.25,5.516,0,38,2
9285,6.495,10.244,0,79,3
7232,5.697,6.691,0,80,3
7242,7.372,10.176,0,74,4
9925,5.168,6.477,0,45,3
3130,6.935,8.456,0,48,4
6019,7.456,9.411,0,54,4
4169,2.714,3.818,0,33,1
5200,3.704,4.865,0,46,2
3634,5.035,6.887,0,47,2
2522,3.957,5.131,0,31,2
10625,4.125,5.638,0,49,2
2593,4.865,6.079,0,42,2
2675,5.321,8.498,0,51,1
8989,7.052,7.706,0,52,5
4649,3.52,4.676,0,39,1
9034,5.565,6.989,0,62,3
1720,2.673,3.946,0,29,0
3807,7.329,8.72,0,49,4
3403,2.886,4.212,0,39,1
4499,2.968,4.425,0,33,0
5724,3.986,5.043,0,39,2
8481,4.759,6.31,0,42,2
5017,6.375,7.708,0,46,4
10615,6.656,8.083,0,60,4
3016,3.816,5.122,0,35,2
2997,6.255,7.53,0,46,4
5843,11.01,12.814,0,81,6
11171,4.177,5.714,0,42,2
3287,3.657,4.847,0,35,2
5469,5.8,6.919,0,41,4
2478,2.689,4.071,0,28,0
2902,4.345,5.558,0,35,2
4601,2.853,4.175,0,33,1
2564,5.103,6.705,0,37,2
3557,2.893,4.217,0,37,1
3561,7.781,10.276,0,57,3
3837,6.197,8.024,0,49,3
7785,3.28,4.731,0,48,1
1808,2.635,3.992,0,31,0
3779,3.862,5.268,0,37,1
3021,4.062,5.436,0,50,2
6722,4.069,5.471,0,45,2
5064,5.4,6.649,0,45,3
2526,4.437,5.597,0,44,3
3908,4.096,5.258,0,38,2
4273,4.262,5.388,0,34,2
3958,4.032,5.215,0,35,2
4927,3.548,4.602,0,37,2
2723,4.79,6.467,0,36,2
2369,2.523,3.634,0,43,1
4053,4.975,6.428,0,43,2
9058,4.356,5.661,0,41,2
3294,3.008,4.262,0,49,1
4967,4.046,5.196,0,37,2
5129,3.098,4.24,0,38,1
3966,5.976,7.766,0,58,3
2581,3.137,4.667,0,34,1
1849,2.661,4.066,0,33,0
3647,3.525,5.012,0,34,1
4283,5.8,8.527,0,51,2
9567,2.962,4.098,0,37,1
2446,2.72,3.894,0,25,0
2063,2.081,3.401,0,31,0
3863,4.943,6.718,0,45,2
3263,2.317,3.582,0,30,0
3095,2.202,3.18,0,28,0
2022,2.152,3.513,0,30,0
2323,3.215,4.853,0,39,1
3861,5.582,7.694,0,47,2
3025,4.956,6.591,0,42,2
4916,6.444,8.236,0,57,3
14246,6.211,7.657,0,55,3
4791,3.121,4.324,0,34,1
6750,3.004,4.116,0,34,1
4536,3.998,5.359,0,36,2
2905,3.271,4.954,0,34,1
3166,2.774,4.181,0,44,0
2422,2.413,3.688,0,39,0
3437,4.997,6.927,0,41,2
6045,6.076,7.18,0,44,4
2763,4.432,5.948,0,47,2
5083,4.737,5.889,0,45,3
2057,2.933,4.356,0,31,0
4556,6.851,8.73,0,47,3
2541,2.705,3.997,0,33,0
3769,6.474,8.519,0,50,3
3182,3.083,4.359,0,38,1
4235,4.423,5.962,0,36,2
2895,4.598,6.156,0,44,2
3473,2.978,4.385,0,35,0
4220,2.737,4.042,0,31,0
6720,5.433,6.544,0,60,3
3902,3.158,4.356,0,25,1
8017,7.931,9.625,0,69,4
2552,5.305,7.141,0,54,2
2462,3.967,5.539,0,38,1
3363,5.504,7.088,0,44,3
4095,3.154,4.507,0,36,1
2371,3.049,4.42,0,43,1
2057,2.583,3.726,0,28,0
3273,3.335,4.588,0,31,1
2074,3.978,5.266,0,32,2
3140,2.404,3.723,0,44,0
10736,7.663,14.506,0,122,3
10554,7.107,8.74,0,64,4
4486,2.601,3.984,0,36,0
3317,11.835,15.975,0,91,5
3585,3.15,4.477,0,34,1
4595,3.329,4.596,0,52,1
2560,3.364,4.792,0,34,1
5465,4.042,5.313,0,35,2
7508,4.931,7.64,0,77,2
3421,2.639,4.087,0,35,0
3860,3.345,4.737,0,36,1
11483,14.979,18.858,0,105,7
5163,3.627,5.035,0,35,1
2002,3.416,4.885,0,32,1
7849,16.339,20.424,0,109,8
4045,2.957,4.326,0,39,0
7787,3.205,4.302,0,46,1
2349,4.819,6.605,0,39,2
11163,4.652,5.748,0,42,3
2497,4.06,5.594,0,34,2
11557,8.61,14.237,0,104,4
2339,3.409,4.779,0,36,1
2562,3.151,4.329,0,31,1
1579,2.472,4.06,0,27,0
2844,5.408,6.818,0,42,3
4871,3.008,4.331,0,36,1
4132,7.139,7.954,0,45,5
4501,4.847,5.952,0,44,3
4324,6.007,7.337,0,52,3
