4229,26.986,31.035,0,130,15
11204,41.413,87.798,0,479,7
8165,81.061,104.512,0,402,17
5735,26.415,28.257,0,131,17
3804,3.441,4.52,0,32,2
8303,34.698,39.999,0,174,16
3315,12.783,18.076,0,97,5
6307,13.369,15.942,0,87,7
4301,67.152,76.707,0,358,37
3362,3.555,4.606,0,43,2
5750,3.188,4.291,0,34,1
8951,2.234,3.196,0,29,0
4916,2.979,3.895,0,37,1
12832,22.567,25.387,0,138,13
2841,15.852,27.854,0,131,3
3108,27.567,39.864,0,173,7
2570,15.695,18.853,0,99,7
3685,4.102,5.14,0,29,2
3114,13.058,15.862,0,91,6
3813,14.564,19.383,0,113,6
4781,6.634,8.535,0,56,3
5281,24.206,33.479,0,160,9
8459,28.425,38.612,0,197,9
2851,1.942,3.157,0,27,0
6312,19.634,27.321,0,157,7
5074,11.132,12.687,0,66,6
2814,21.184,30.766,0,146,6
6034,27.463,46.124,0,276,8
3114,2.113,3.222,0,19,0
4333,14.655,20.593,0,112,5
3038,2.699,3.755,0,25,1
2900,18.496,25.611,0,120,6
5631,50.706,66.188,0,257,11
11844,2.677,3.851,0,38,1
4988,6.09,8.38,0,59,2
3043,2.498,3.913,0,31,0
4665,5.874,7.083,0,52,3
2339,3.658,4.96,0,38,1
14944,70.563,109.854,0,589,18
5342,9.526,12.616,0,66,4
2745,18.574,32.804,0,160,4
3151,10.924,14.296,0,84,5
6335,58.387,84.778,0,352,9
3521,3.316,4.582,0,33,1
3237,2.78,4.129,0,36,0
7829,14.762,23.688,0,138,4
11699,39.951,52.442,0,300,17
3106,8.645,11.251,0,66,4
4598,19.684,30.429,0,181,8
6357,36.627,51.767,0,265,8
9555,16.013,32.11,0,161,2
6845,13.684,17.524,0,106,6
3114,9.684,12.905,0,71,4
13958,10.87,23.981,0,179,3
12488,12.852,18.937,0,109,5
5952,30.872,58.832,0,282,5
3952,24.037,36.17,0,161,5
2924,2.043,3.377,0,36,0
6366,3.4,4.827,0,39,1
3911,7.882,12.57,0,70,2
4286,18.402,28.364,0,146,4
3416,19.008,32.591,0,151,4
3579,8.326,11.299,0,60,4
6438,5.071,8.432,0,67,1
3032,33.989,52.176,0,217,7
3477,11.395,16.479,0,93,4
4542,29.321,39.424,0,166,8
7176,70.725,97.008,0,471,24
4032,45.297,61.676,0,237,7
3376,41.22,68.181,0,279,5
3796,20.336,36.254,0,166,3
2294,2.652,4.245,0,37,0
10659,5.583,10.348,0,121,2
2568,1.919,3.221,0,23,0
10590,9.626,12.275,0,75,4
2998,10.421,16.952,0,101,3
2441,7.236,9.622,0,57,3
8044,25.867,33.643,0,165,8
9281,6.294,8.591,0,61,3
6281,10.698,16.623,0,95,3
13684,25.443,53.271,0,332,5
7113,37.64,52.997,0,263,8
4723,60.296,93.273,0,389,10
2849,10.634,18.385,0,113,3
4779,2.733,4.247,0,35,0
3631,52.657,83.652,0,344,10
4611,10.544,13.328,0,82,5
3442,10.312,15.789,0,86,3
3225,1.939,3.504,0,29,0
4855,15.282,19.506,0,106,6
4094,24.42,36.928,0,158,6
3679,13.84,21.421,0,115,4
3080,7.231,11.1,0,64,1
9618,174.014,214.631,0,1009,68
12149,43.734,59.12,0,315,15
4049,7.811,10.879,0,71,3
4535,2.95,4.277,0,35,0
3025,17.885,29.407,0,143,4
5324,8.924,11.347,0,65,4
2931,2.376,3.873,0,38,0
12742,17.226,30.541,0,166,4
3283,21.325,30.83,0,123,5
9741,20.245,28.874,0,153,7
2733,15.907,26.455,0,132,3
6563,7.761,9.83,0,55,4
13314,2.687,4.083,0,43,0
12310,54.028,76.538,0,414,18
8025,45.053,54.262,0,242,16
7157,21.793,33.782,0,177,7
4357,20.185,26.384,0,130,7
7717,17.894,29.357,0,147,5
3488,2.146,3.75,0,42,0
10128,14.533,21.62,0,113,5
5469,2.317,3.901,0,36,0
7011,29.745,39.831,0,170,8
7756,2.391,3.91,0,40,0
2477,20.744,30.131,0,133,6
2433,2.282,3.625,0,31,0
3772,10.163,15.439,0,82,2
2624,12.109,21.522,0,101,1
5058,9.918,12.451,0,70,4
2653,22.697,35.345,0,159,5
10806,30.109,38.349,0,174,10
5607,38.334,49.46,0,222,14
4207,19.2,25.888,0,116,6
4892,11.58,17.466,0,88,3
1879,9.739,15.71,0,84,1
4365,68.641,90.707,0,381,18
4532,16.728,29.093,0,142,3
3327,2.935,4.524,0,35,0
11455,18.223,38.741,0,246,3
2263,8.872,12.875,0,72,2
5204,4.303,6.103,0,46,1
2454,37.708,56.288,0,236,8
4423,46.561,59.274,0,242,15
6075,37.199,42.548,0,165,15
4038,3.255,4.664,0,36,1
4190,10.282,22.645,0,140,1
4671,36.249,41.311,0,177,16
4316,7.444,9.832,0,48,2
1582,2.115,3.807,0,30,0
1815,8.474,12.728,0,66,3
1900,16.117,25.059,0,125,4
3838,10.477,13.883,0,70,4
3756,24.481,32.365,0,133,9
2214,7.999,11.241,0,59,3
3721,18.25,26.092,0,124,5
1695,6.184,8.523,0,48,3
2259,2.313,3.404,0,26,0
3909,16.834,20.904,0,111,7
6756,49.854,59.446,0,225,17
3655,20.401,28.512,0,137,7
7047,37.711,57.641,0,306,12
8861,16.63,28.067,0,160,5
5917,4.611,5.71,0,60,3
4968,9.34,10.189,0,59,6
3711,16.504,23.057,0,131,6
13291,31.353,45.053,0,205,11
5880,13.41,15.814,0,91,7
1889,34.389,43.818,0,182,12
3676,3.027,4.105,0,28,1
4378,2.239,3.484,0,34,0
9425,95.938,149.109,0,661,17
2598,2.436,3.717,0,33,0
7217,8.958,17.352,0,110,2
2625,12.943,15.759,0,80,6
2031,5.17,8.323,0,52,1
3903,2.915,4.23,0,41,1
5422,40.581,51.784,0,220,13
7699,21.528,46.895,0,240,4
4315,11.296,17.384,0,96,3
4152,17.044,24.421,0,133,5
5478,56.281,72.881,0,332,17
14012,35.624,67.2,0,323,7
4768,45.032,66.747,0,259,8
2006,4.856,7.35,0,69,1
2432,16.284,28.405,0,139,4
6971,18.168,20.437,0,116,9
3238,2.749,4.092,0,41,1
3958,32.981,47.499,0,214,8
2506,11.401,14.872,0,75,5
2561,12.807,21.33,0,111,3
3606,39.329,58.402,0,256,8
3384,9.038,13.323,0,69,3
6085,19.512,24.335,0,124,8
2136,15.747,32.414,0,167,3
9908,25.865,58.79,0,369,4
4455,61.839,78.316,0,321,19
4221,11.333,13.839,0,69,6
1737,15.55,24.154,0,118,4
5616,27.812,36.781,0,160,8
3045,17.429,26.012,0,113,5
7022,72.762,100.887,0,401,14
7645,16.55,22.511,0,119,7
4096,7.44,8.864,0,51,4
4294,13.187,18.464,0,103,5
5590,19.146,23.138,0,122,9
3978,10.011,13.838,0,74,4
2440,19.085,29.185,0,138,5
1886,28.491,42.494,0,213,7
4428,2.831,4.289,0,37,0
2966,71.575,101.643,0,459,17
8188,18.608,33.73,0,204,6
2416,44.19,68.281,0,291,9
1920,10.927,19.287,0,106,2
4600,25.051,33.924,0,141,8
2422,19.934,30.696,0,129,5
7940,9.456,15.36,0,101,2
9846,2.766,4.159,0,41,0
7851,43.328,49.984,0,236,18
2299,2.335,3.516,0,32,0
7439,5.888,10.583,0,64,1
7701,59.135,81.043,0,319,11
3407,8.401,15.313,0,88,1
2145,27.034,46.318,0,189,4
3795,67.927,98.65,0,386,12
3074,10.391,15.814,0,90,3
5307,2.445,3.874,0,41,0
3062,48.54,66.081,0,271,11
4988,5.891,7.502,0,52,3
2981,18.179,25.621,0,117,6
8422,23.093,29.409,0,135,7
7377,16.417,28.576,0,172,5
3192,53.243,78.442,0,308,11
10278,41.16,59.643,0,281,12
2031,2.07,3.217,0,30,0
3040,24.079,41.534,0,175,4
3773,31.947,39.23,0,171,12
3311,11.932,18.033,0,89,3
2943,11.742,16.655,0,86,4
2615,1.849,3.453,0,27,0
2233,2.988,4.561,0,39,0
9032,18.61,27.593,0,143,5
8042,10.563,13.515,0,79,5
5657,11.606,13.836,0,92,6
4480,15.677,22.881,0,116,4
6304,3.423,5.914,0,57,1
5413,3.226,4.565,0,35,1
5381,2.945,4.192,0,28,1
3343,14.65,21.136,0,104,4
3069,12.45,18.567,0,100,3
4042,22.588,34.524,0,146,5
6308,46.649,75.034,0,334,10
4641,12.657,17.635,0,95,4
5843,36.754,46.555,0,187,12
2029,3.733,6.029,0,38,0
5066,14.122,30.184,0,170,3
3529,35.26,62.214,0,292,5
5310,14.346,21.33,0,110,3
5758,4.542,5.96,0,50,2
13695,12.899,18.626,0,125,5
6197,74.962,92.744,0,362,21
8937,35.183,52.683,0,279,10
7135,13.965,18.988,0,107,6
5068,4.222,5.666,0,40,2
5506,6.965,8.884,0,73,3
8408,13.981,19.658,0,104,5
8901,3.505,5.969,0,52,0
3783,16.371,26.71,0,139,4
4744,12.044,16.647,0,84,4
4989,8.463,13.834,0,93,2
3587,4.16,6.139,0,35,1
4739,14.991,20.969,0,106,5
2176,2.315,3.75,0,29,0
7871,9.66,20.192,0,126,1
4389,38.514,65.526,0,295,6
8230,7.287,14.986,0,107,1
2254,5.844,8.25,0,50,2
3236,21.71,36.345,0,165,4
11856,32.547,46.365,0,233,11
10957,5.087,7.821,0,68,2
2371,1.935,3.395,0,26,0
6272,2.889,4.174,0,34,0
4800,2.731,4.163,0,37,0
4411,19.29,26.461,0,113,6
8626,54.377,71.213,0,321,17
3381,14.105,23.425,0,118,2
7818,7.074,16.187,0,124,1
12670,12.139,21.191,0,123,3
2851,21.069,36.466,0,184,4
3813,48.715,67.85,0,266,11
2877,1.889,3.145,0,24,0
1892,12.346,20.852,0,109,3
5055,5.76,7.923,0,52,2
4395,21.026,35.786,0,172,4
12191,29.636,46.425,0,217,6
2721,3.834,5.402,0,37,1
5523,30.041,37.364,0,157,11
7402,13.041,20.297,0,124,4
2509,11.892,14.951,0,74,5
4630,16.138,19.741,0,102,7
3931,23.74,36.674,0,163,5
10378,31.527,47.441,0,315,9
8813,93.533,128.442,0,520,26
2596,15.628,23.76,0,141,4
3063,24.02,35.296,0,157,5
2101,9.98,15.965,0,88,2
3241,6.067,9.434,0,53,1
2934,2.022,3.518,0,27,0
4522,2.289,3.818,0,37,0
3198,1.753,3.265,0,25,0
3031,10.896,20.066,0,122,2
2596,11.844,20.441,0,115,3
2308,20.138,32.523,0,142,4
2965,24.983,35.107,0,160,8
5871,17.485,22.039,0,108,7
4411,2.063,3.646,0,33,0
1526,10.4,18.002,0,105,1
6858,26.811,31.563,0,144,11
7784,8.046,14.338,0,101,2
12572,28.183,41.946,0,242,10
3359,15.324,21.984,0,105,5
6086,16.684,32.158,0,172,4
8359,115.096,137.572,0,529,36
11428,49.126,78.522,0,381,11
3188,47.329,67.144,0,278,10
3416,25.568,35.817,0,161,7
8039,27.49,38.257,0,195,10
5202,11.16,12.247,0,63,7
2568,15.324,23.381,0,123,4
2425,1.678,3.286,0,27,0
1576,4.385,6.723,0,40,1
3291,1.966,3.639,0,40,0
2063,14.718,19.203,0,94,5
4412,1.758,3.353,0,35,0
2387,12.199,16.714,0,88,3
4715,1.76,2.876,0,29,0
2452,18.702,27.062,0,118,5
2403,1.691,2.882,0,19,0
2492,10.05,18.067,0,101,2
1660,1.619,2.919,0,27,0
8504,26.9,42.793,0,260,8
6657,13.935,23.262,0,129,4
3651,4.012,6.075,0,43,1
10292,1.815,3.093,0,27,0
11138,45.657,82.717,0,383,9
4198,10.361,16.119,0,84,3
3737,25.539,38.915,0,181,6
4810,1.793,3.089,0,27,0
8023,14.12,17.569,0,98,6
1588,5.741,9.604,0,54,1
3219,9.906,16.388,0,95,1
1897,6.602,13.706,0,91,0
3517,16.126,21.621,0,116,6
6153,40.69,59.844,0,276,9
4089,14.118,20.03,0,107,4
2704,11.032,17.508,0,99,3
3543,69.011,113.059,0,426,9
7502,61.186,95.883,0,465,16
3386,11.525,16.094,0,81,3
4455,10.188,17.405,0,129,3
3846,24.499,34.237,0,159,6
2762,16.382,28.75,0,134,3
3523,32.733,44.105,0,184,8
3313,1.973,3.3,0,28,0
13640,6.705,15.832,0,125,1
14023,58.235,77.307,0,408,20
4756,34.485,43.908,0,186,11
4030,15.765,23.565,0,116,4
4377,30.435,41.752,0,171,9
4055,2.041,3.406,0,25,0
4804,61.066,87.613,0,353,12
5219,9.867,12.683,0,81,4
5135,25.756,29.786,0,134,10
3057,21.9,30.21,0,152,6
2829,12.053,18.489,0,101,3
3047,1.889,3.233,0,22,0
5963,37.286,50.466,0,230,9
6460,4.709,6.65,0,43,1
2915,34.092,49.43,0,189,8
2941,3.15,4.94,0,43,0
7714,34.545,72.554,0,381,7
6083,2.826,4.342,0,32,0
2276,10.917,17.68,0,89,3
3169,36.787,47.546,0,177,11
3147,8.921,12.96,0,68,3
5073,19.627,29.701,0,145,5
7784,6.025,10.489,0,89,1
3451,21.704,33.459,0,161,5
6338,2.524,4.059,0,30,0
4822,2.602,3.954,0,34,0
3688,19.233,30.085,0,138,4
3219,13.159,21.168,0,116,3
3128,12.941,17.484,0,92,4
4668,79.391,103.593,0,453,21
4537,1.48,3.184,0,28,0
4564,32.541,41.157,0,182,12
4623,48.799,67.895,0,279,11
2063,1.954,3.395,0,29,0
3600,26.974,38.257,0,150,7
5000,10.244,11.824,0,74,6
4670,2.952,4.77,0,30,0
3299,7.62,9.987,0,54,3
4728,21.646,27.982,0,136,8
3355,15.668,20.899,0,103,5
5708,1.666,3.205,0,27,0
2612,18.856,24.75,0,124,7
11733,14.15,26.698,0,159,3
4422,11.829,14.554,0,75,5
12171,32.986,54.231,0,288,9
3644,107.702,141.111,0,578,37
9204,34.133,46.526,0,240,12
1789,6.495,9.211,0,52,2
5081,9.995,14.687,0,74,3
5781,17.793,22.455,0,113,7
5771,16.41,20.237,0,99,7
3168,24.624,30.516,0,134,10
2339,9.782,14.066,0,77,3
7931,24.665,32.481,0,157,9
3736,2.03,3.52,0,24,0
5999,48.946,52.669,0,217,25
5300,28.93,34.334,0,157,12
6620,107.666,170.365,0,748,19
7929,15.502,19.82,0,111,6
2406,14.557,19.388,0,85,5
2524,27.509,34.05,0,145,10
2472,31.61,48.573,0,201,6
3445,11.542,12.235,0,61,8
3860,18.562,21.227,0,101,9
3276,25.34,29.722,0,128,10
4943,109.642,83.891,0,316,112
1717,11.368,18.547,0,102,1
1520,28.451,40.848,0,154,0
2756,39.692,61.572,0,263,8
5050,9.789,10.874,0,68,6
6357,33.447,38.199,0,173,15
1979,8.431,11.271,0,62,4
5893,20.245,26.477,0,134,8
2514,2.948,3.791,0,31,1
12500,36.149,63.61,0,376,13
2823,5.736,6.509,0,44,4
6770,23.251,27.646,0,139,10
2533,2.828,3.596,0,27,1
3470,14.045,17.55,0,98,6
9481,41.099,61.673,0,319,14
2761,3.619,4.375,0,39,2
4670,11.416,15.707,0,96,5
3003,8.865,11.72,0,71,4
1952,3.195,4.056,0,23,2
13640,40.975,79.354,0,425,9
3193,26.163,36.476,0,177,8
2888,4.088,5.037,0,41,2
5125,3.938,4.615,0,38,3
14044,17.073,22.03,0,151,9
2331,2.647,3.675,0,31,1
2486,14.78,20.147,0,119,6
5357,84.422,118.504,0,448,15
5091,28.739,32.574,0,147,12
4742,6.113,6.605,0,54,4
2588,33.821,50.084,0,209,8
6752,4.216,4.901,0,33,3
3468,11.195,14.813,0,84,5
5289,31.119,38.275,0,177,11
2228,16.413,23.622,0,106,6
3168,12.202,15.688,0,82,6
2693,30.862,41.938,0,168,9
4811,7.206,8.543,0,51,4
9623,4.487,5.466,0,38,3
10786,61.955,104.294,0,468,8
13136,8.531,10.938,0,74,5
5763,22.432,26.564,0,111,9
5527,23.81,29,0,149,11
1955,16.232,25.114,0,121,5
5234,3.16,4.079,0,33,2
4732,6.847,7.41,0,42,5
1906,2.821,3.969,0,32,1
7387,15.65,25.577,0,142,5
4407,13.453,18.937,0,96,5
4249,3.668,4.565,0,37,2
12318,25.587,38.107,0,230,10
5421,24.593,29.868,0,141,10
2023,11.368,14.615,0,72,5
4058,17.072,22.907,0,136,6
5554,4.225,5.032,0,34,3
5102,26.684,38.174,0,183,8
5116,19.09,28.384,0,178,7
2554,18.074,27.172,0,122,6
12291,102.744,142.183,0,696,37
10307,24.733,35.14,0,171,9
3955,14.245,18.46,0,96,6
4450,31.462,38.594,0,166,11
3965,22.603,29.724,0,141,8
4234,60.291,84.034,0,369,15
3353,74.27,121.426,0,515,13
8855,19.836,26.412,0,142,8
5054,4.702,5.921,0,40,2
4122,8.72,10.665,0,59,5
5215,13.678,16.275,0,96,7
2945,24.642,37.683,0,149,6
5951,5.405,7.082,0,60,3
3715,4.511,6.018,0,45,2
3550,10.047,12.628,0,88,5
7781,49.627,82.603,0,365,11
2687,23.364,33.83,0,138,6
6961,105.887,136.139,0,574,27
4877,20.434,30.409,0,132,6
4047,22.894,33.358,0,150,7
3321,9.424,12.508,0,63,4
5429,95.477,136.282,0,543,17
3839,6.303,8.593,0,62,3
12667,15.251,18.994,0,122,7
10622,43.553,62.387,0,332,13
2404,40.357,68.548,0,295,8
6835,7.25,13.287,0,103,3
5415,18.586,22.609,0,103,8
4657,4.456,5.474,0,36,3
1895,4.524,7.644,0,76,2
2586,7.855,11.344,0,65,3
3679,72.313,104.696,0,417,14
2740,4.378,6.28,0,42,1
5649,62.213,122.325,0,655,11
4810,72.717,93.36,0,389,23
7904,27.143,35.627,0,159,9
5384,33.856,49.301,0,217,8
2814,3.436,4.584,0,38,1
6431,17.208,24.044,0,124,6
2613,16.223,23.725,0,106,4
5782,15.006,19.958,0,109,6
1532,3.015,3.848,0,28,2
5050,7.452,10.259,0,67,3
2960,8.342,12.471,0,75,3
2841,2.139,3.245,0,25,0
3651,17.466,31.189,0,152,4
4356,14.361,21.774,0,122,5
5559,8.649,16.671,0,106,2
6396,7.669,10.306,0,58,3
3965,7.721,11.207,0,68,3
7203,15.2,26.072,0,151,4
2257,24.078,33.021,0,139,7
5101,11.464,14.682,0,79,5
6781,19.377,34.25,0,190,5
7560,42.038,50.547,0,234,14
3772,10.165,13.722,0,70,4
3122,4.194,5.376,0,38,2
4344,17.637,27.44,0,135,5
4685,2.055,3.253,0,29,0
3143,2.142,3.415,0,38,0
3613,22.614,40.115,0,170,4
5278,11.105,15.139,0,92,4
2690,10.138,12.565,0,72,5
5111,13.947,18.001,0,106,6
3071,18.412,29.971,0,137,4
4851,29.57,45.71,0,208,7
8357,9.53,17.377,0,112,2
4794,10,14.187,0,81,4
3343,7.259,11.369,0,62,2
2928,6.443,8.939,0,51,3
2856,15.592,25.585,0,137,4
4119,22.837,31.661,0,143,7
2270,3.361,4.905,0,33,1
3357,17.076,27.51,0,121,5
10590,19.562,22.84,0,113,10
9070,3.174,4.636,0,41,1
2258,1.981,3.386,0,28,0
5765,23.652,32.229,0,149,7
3319,11.436,17.258,0,88,4
5589,29.406,36.399,0,165,11
4780,19.128,27.359,0,129,6
3145,26.017,36.995,0,154,7
4338,2.991,4.214,0,44,1
3335,12.138,15.887,0,83,5
5761,16.225,21.89,0,119,6
6760,3.621,5.55,0,67,1
4931,65.182,87.436,0,337,17
4195,192.39,262.613,0,949,47
8671,48.583,62.404,0,284,17
4205,7.014,8.698,0,49,4
14512,33.183,49.837,0,268,10
3857,65.243,94.916,0,417,14
14954,27.594,42.527,0,234,10
5777,38.631,50.911,0,212,11
8284,16.351,34.586,0,209,3
5534,33.573,42.323,0,184,11
5595,9.159,11.706,0,67,4
6428,33.697,41.436,0,185,12
10003,20.569,34.278,0,181,6
2360,2.647,3.994,0,30,0
3949,25.574,34.074,0,150,10
2252,2.178,3.666,0,34,0
6460,104.062,125.227,0,527,38
7091,14.345,26.631,0,154,4
3738,12.303,15.945,0,84,5
4906,5.824,7.624,0,42,3
4700,26.561,35.066,0,146,10
14080,83.87,89.863,0,452,51
4129,5.947,7.603,0,43,3
2508,2.834,4.082,0,29,1
2533,12.776,17.628,0,93,5
5047,16.445,20.193,0,112,8
9427,18.98,21.201,0,118,10
8609,13.458,20.593,0,127,5
2366,10.103,13.885,0,74,4
5971,63.567,69.184,0,276,29
2328,17.948,25.991,0,122,5
5834,3.784,5.61,0,51,1
4472,9.633,11.176,0,59,6
2817,3.925,5.886,0,39,0
1947,1.91,3.38,0,26,0
7304,5.158,8.918,0,68,2
4688,37.097,49.569,0,212,11
13610,27.646,50.479,0,326,6
6273,8.743,14.128,0,89,3
7485,12.253,16.091,0,98,5
10617,17.519,21.72,0,116,7
5317,2.848,3.941,0,29,1
5251,43.146,63.294,0,272,9
1955,3.588,4.626,0,28,2
4982,52.46,59.838,0,236,20
4229,27.482,35.489,0,150,9
6835,26.734,32.897,0,137,10
8103,15.522,26.583,0,140,4
4567,17.62,22.367,0,127,8
3371,2.947,3.838,0,39,1
2340,33.618,52.94,0,222,7
8656,3.053,4.037,0,37,1
6704,15.775,18.939,0,100,7
3215,54.392,79.419,0,327,11
2294,13.215,20.477,0,101,4
14914,18.436,40.757,0,314,4
2833,18.218,28.339,0,146,5
3590,10.606,12.948,0,68,5
4083,15.275,21.358,0,115,6
1912,6.319,9.115,0,53,3
2822,2.939,3.878,0,27,1
3099,32.424,51.235,0,224,7
5478,21.425,36.151,0,170,5
10483,29.853,38.615,0,204,11
13724,32.662,46.971,0,288,13
2670,3.117,4.027,0,28,1
3373,18.612,30.034,0,145,5
4996,26.482,36.173,0,145,7
4344,3.619,4.581,0,37,2
9098,57.624,119.325,0,613,11
8478,10.804,14.104,0,89,5
6033,8.664,13.197,0,79,3
6233,10.968,15.893,0,106,5
11231,11.397,15.148,0,127,6
2104,12.451,22.811,0,135,4
4164,9.485,10.818,0,82,6
4049,3.899,4.859,0,43,2
4494,30.327,35.52,0,156,13
8714,88.952,99.653,0,383,32
4157,9.928,12.681,0,63,5
7606,27.002,64.806,0,431,5
11866,16.853,26.542,0,162,6
3371,49.939,67.052,0,268,14
1757,3.899,6.183,0,42,1
5622,13.196,15.864,0,89,7
7068,4.701,5.686,0,38,3
6980,36.534,45.5,0,199,12
8616,16.976,22.292,0,124,7
1965,18.673,22.499,0,104,8
3477,17.289,20.498,0,111,9
3856,39.102,56.69,0,235,9
2996,2.885,4.262,0,42,0
4177,74.606,84.567,0,317,27
3054,6.737,8.831,0,58,3
5180,29.627,35.39,0,179,12
2988,33.531,48.578,0,204,8
2830,2.71,4.086,0,34,0
4007,33.846,42.054,0,175,12
12945,21.625,26.12,0,138,10
2855,2.46,3.534,0,32,0
9016,36.1,49.501,0,214,12
2918,12.033,16.543,0,93,4
5408,69.281,86.821,0,327,19
4642,35.399,45.792,0,197,13
4492,26.624,30.683,0,160,12
2242,8.864,15.481,0,91,2
2300,16.749,24.312,0,112,5
3424,44.456,64.376,0,253,9
8963,19.177,22.463,0,119,10
4507,82.603,95.581,0,379,31
2658,12.594,17.064,0,95,5
5577,25.945,29.985,0,141,12
2215,36.511,49.792,0,206,9
3133,5.988,8.548,0,57,2
3495,3.088,4.407,0,48,1
5930,38.748,45.899,0,185,14
3693,41.165,50.362,0,222,14
3136,11.362,14.222,0,63,5
2568,44.206,51.765,0,199,16
6860,22.067,43.209,0,224,4
5601,4.718,5.746,0,37,3
10580,23.353,27.527,0,126,11
3467,25.831,35.034,0,158,8
2557,25.631,34.519,0,142,7
1952,24.122,25.511,0,111,15
2347,59.556,67.398,0,256,28
2478,66.351,90.99,0,385,13
1848,2.987,4.113,0,25,1
6315,49.213,54.08,0,225,20
3586,21.065,26.157,0,119,8
13670,28.336,40.036,0,188,9
5558,10.944,12.394,0,68,6
4134,17.623,23.849,0,114,6
2325,31.199,51.079,0,224,6
7113,22.202,26.959,0,134,9
4822,19.747,26.354,0,128,7
5288,4.386,5.666,0,47,2
4750,2.901,3.866,0,37,1
2000,16.092,23.037,0,106,5
2124,8.081,12.764,0,69,3
6650,94.959,122.534,0,476,20
6138,19.269,26.726,0,133,6
2122,5.889,9.273,0,76,2
6478,31.763,38.683,0,166,11
2229,7.764,10.44,0,60,3
4034,4.907,6.458,0,63,2
3889,13.471,19.711,0,116,4
7909,16.308,17.597,0,95,9
4223,15.685,19.605,0,90,6
2085,9.272,11.612,0,55,4
3786,2.957,4.185,0,36,1
4800,10.19,12.697,0,74,5
5281,32.461,45.104,0,179,7
2601,7.962,11.075,0,58,3
5865,37.442,47.943,0,241,12
4873,20.539,26.706,0,137,7
5294,12.598,17.087,0,89,4
2851,3.34,4.547,0,38,1
6168,60.238,78.141,0,313,14
4430,95.831,142.017,0,539,15
12147,32.835,51.905,0,242,8
14439,72.306,112.561,0,581,19
11047,5.576,8.825,0,61,2
3109,31.332,55.35,0,233,5
3443,3.644,4.856,0,35,2
5257,8.931,10.609,0,69,5
9033,13.163,19.194,0,104,5
9666,78.53,117.59,0,591,18
2555,2.151,3.69,0,28,0
3200,27.989,39.128,0,157,7
6053,2.719,3.968,0,31,1
6189,38.49,48.152,0,221,12
9057,16.474,21.606,0,118,7
6377,25.531,33.679,0,148,8
2576,44.195,72.122,0,282,7
3887,17.465,24.88,0,112,5
4966,72.153,98.057,0,394,19
2983,10.145,16.65,0,98,3
13691,27.304,48.477,0,269,7
3789,23.223,32.623,0,142,7
6056,85.65,117.155,0,426,13
3021,9.87,14.669,0,86,3
10264,19.873,23.35,0,115,9
5483,17.54,20.913,0,99,8
4294,6.119,7.806,0,51,3
5506,36.418,52.767,0,222,8
4704,20.992,35.928,0,171,4
2391,16.285,31.55,0,181,3
2017,13.269,19.127,0,95,5
11834,12.263,18.524,0,123,4
9960,50.179,70.568,0,290,13
7506,5.565,11.044,0,80,1
5788,5.872,7.682,0,51,3
7004,21.779,35.174,0,172,5
4904,29.077,43.226,0,193,6
4385,2.949,4.341,0,40,1
3458,23.683,37.764,0,184,5
5099,14.17,19.509,0,104,5
2956,15.883,31.247,0,170,2
5964,39.538,55.839,0,241,9
4135,18.565,25.736,0,128,6
9376,9.789,19.307,0,130,2
1646,6.297,11.066,0,78,1
5360,2.733,4.124,0,38,0
3613,21.299,35.9,0,171,4
5626,85.405,107.139,0,431,24
4028,10.035,15.242,0,84,3
5455,16.175,23.114,0,113,5
3207,2.242,3.654,0,34,0
4916,54.749,70.594,0,306,17
6369,30.474,41.415,0,187,8
4658,25.376,32.758,0,165,9
4505,18.317,26.973,0,129,5
4063,2.057,3.003,0,21,0
2567,8.674,13.636,0,74,2
7050,21.153,37.351,0,188,4
2943,2.286,3.308,0,27,0
5510,71.644,96.406,0,356,15
1881,12.929,21.247,0,104,3
14098,16.834,32.392,0,202,5
5630,31.978,49.078,0,232,6
2863,9.265,13.323,0,69,3
2906,2.506,3.887,0,33,0
7680,69.832,88.557,0,341,16
8539,40.518,70.773,0,390,7
2849,5.549,9.204,0,56,1
2241,7.525,11.12,0,62,3
4198,3.721,4.749,0,35,2
5798,32.131,39.033,0,174,12
6116,15.194,19.034,0,97,6
9943,10.515,19.329,0,162,3
4094,2.669,3.885,0,31,0
4609,26.897,37.197,0,159,8
9126,35.923,86.701,0,512,6
3017,2.58,3.65,0,32,1
2676,10.712,16.114,0,87,3
7591,2.443,3.684,0,32,0
8985,46.897,89.24,0,458,10
2808,10.952,13.905,0,67,5
5827,20.653,27.256,0,129,7
4843,32.112,50.016,0,212,6
10299,27.102,59.356,0,357,5
6295,33.774,47.73,0,209,7
4093,3.612,4.796,0,36,1
2286,7.995,12.209,0,71,3
3759,22.3,32.669,0,153,5
2465,15.203,26.109,0,128,3
2392,2.69,4.035,0,45,0
3707,23.004,37.875,0,171,5
7316,9.551,13.563,0,80,4
3103,60.888,91.581,0,353,11
5833,16.048,24.698,0,120,4
11245,16.251,28.624,0,168,4
6111,23.061,31.344,0,147,7
4470,15.541,25.227,0,128,4
3764,45.863,71.614,0,297,9
6642,31.171,40.218,0,183,10
3722,10.17,15.094,0,97,3
7145,36.557,59.373,0,308,8
4141,20.372,30.518,0,146,5
5384,36.795,47.306,0,183,11
10363,14.293,24.902,0,140,3
5599,28.807,36.857,0,168,10
9402,2.825,4.286,0,43,0
8768,62.15,67.705,0,277,27
9051,48.922,52.238,0,229,24
3319,14.099,21.606,0,115,4
3838,11.155,14.197,0,83,5
2707,14.461,19.502,0,94,5
2351,2.623,4.468,0,33,0
8316,29.552,44.223,0,253,10
5640,61.061,74.725,0,292,20
4985,18.317,25.117,0,125,5
3422,49.921,75.925,0,304,9
12742,98.393,115.501,0,582,36
6332,58.596,75.206,0,306,17
3803,42.708,55.066,0,235,12
8355,18.574,28.655,0,159,5
4154,31.162,41.406,0,180,11
2927,15.579,20.656,0,95,6
1935,61.747,90.467,0,348,13
4135,3.179,4.806,0,34,0
10965,48.977,51.756,0,221,25
10129,38.45,66.082,0,341,9
2816,3.18,4.683,0,27,0
2582,9.073,12.182,0,74,4
8859,33.552,44.17,0,211,12
5447,44.411,50.169,0,201,19
13976,14.943,24.342,0,140,4
2626,11.218,18.343,0,98,2
3940,24.448,32.93,0,145,7
3490,12.103,17.221,0,85,4
5227,14.812,24.438,0,132,4
2020,1.927,3.205,0,26,0
3727,9.796,12.406,0,66,4
4297,59.222,67.47,0,278,23
7322,21.689,34.749,0,180,5
8604,21.993,33.002,0,153,6
2521,5.18,7.906,0,49,2
5373,13.25,16.749,0,85,5
3721,14.175,20.464,0,101,5
4344,11.743,17.853,0,103,3
7334,31.606,36.906,0,168,13
3397,47.016,71.624,0,322,10
4645,6.821,8.258,0,48,4
3630,14.072,19.629,0,100,5
4327,3.057,3.991,0,35,1
2558,5.821,8.445,0,55,2
6591,18.197,29.417,0,152,6
3281,9.268,12.886,0,69,4
4885,5.516,6.77,0,53,3
3112,23.536,34.792,0,157,5
4083,20.172,28.42,0,124,6
2738,35.819,51.037,0,200,8
14887,49.785,56.179,0,266,24
4958,34.35,49.777,0,225,8
6347,3.07,4.167,0,29,1
9448,2.826,4.134,0,45,1
5246,2.603,3.72,0,26,0
5078,23.777,29.479,0,134,9
7722,21.713,35.33,0,184,6
2246,5.612,9.589,0,63,2
6758,28.495,35.284,0,145,9
3753,28.434,47.424,0,221,6
6428,10.853,17.82,0,119,3
5626,26.145,36.82,0,180,8
2910,2.429,3.917,0,44,0
3367,2.84,3.964,0,30,1
10035,52.131,73.726,0,282,13
4983,14.322,17.399,0,98,7
5706,26.797,37.748,0,169,8
2871,10.519,13.129,0,71,5
2845,52.39,77.302,0,326,11
3197,27.926,36.797,0,168,9
5207,16.047,20.417,0,108,7
12869,39.183,96.555,0,573,6
4335,11.358,14.227,0,84,5
5057,5.89,7.314,0,40,3
4346,22.388,31.426,0,161,7
3380,3.47,4.555,0,32,1
3530,9.5,11.617,0,58,5
4382,5.43,7.393,0,56,2
7546,27.448,33.427,0,139,10
5077,54.075,70.242,0,298,15
6174,16.46,25.218,0,140,5
12013,44.562,50.262,0,233,19
2493,13.838,18.972,0,85,5
3083,2.869,3.982,0,34,1
4538,36.993,48.546,0,192,10
4397,41.319,53.086,0,204,12
2360,9.78,13.234,0,72,4
5477,25.861,30.142,0,124,11
3263,3.08,4.295,0,38,1
4612,20.193,27.499,0,127,7
2219,2.818,4.015,0,33,1
2580,4.575,6.197,0,47,2
1973,2.566,3.815,0,29,0
4476,15.806,17.144,0,93,9
2545,3.388,4.547,0,35,1
3594,55.472,77.227,0,325,12
8071,10.16,13.562,0,97,5
3131,31.031,43.826,0,189,7
3843,11.086,12.917,0,67,6
3860,40.842,51.348,0,199,12
6447,90.009,102.597,0,443,33
4110,10.47,12.63,0,63,5
1787,1.532,3.115,0,29,0
6723,24.957,43.201,0,247,5
2911,2.128,3.128,0,25,0
3748,2.403,3.337,0,24,1
3230,2.346,3.313,0,23,1
13029,28.328,35.963,0,184,10
7234,27.988,42.544,0,199,7
3377,18.445,33.14,0,152,4
1915,2.197,3.095,0,26,1
7293,42.032,57.157,0,287,13
5845,6.012,7.378,0,42,3
3565,6.173,9.054,0,63,2
3098,7.948,9.879,0,52,4
6894,63.447,82.954,0,304,14
9370,18.583,24.105,0,121,8
7162,5.227,7.461,0,58,2
8546,14.088,16.627,0,114,7
3718,2.838,3.931,0,30,1
7681,62.71,96.24,0,437,16
8930,38.869,62.601,0,301,9
2208,14.271,19.22,0,91,5
2697,2.818,3.877,0,28,1
5612,7.457,10.111,0,67,3
9717,28.392,40.189,0,218,9
7700,16.448,32.741,0,177,4
3316,22.051,36.695,0,144,5
5383,5.829,7.123,0,50,3
11725,69.693,97.296,0,453,16
11749,25.576,29.803,0,161,13
3474,33.162,43.327,0,179,10
2699,14.435,21.35,0,105,4
2817,7.928,13.753,0,82,3
7563,9.278,14.825,0,105,3
10955,37.051,56.583,0,235,8
4861,47.514,58.671,0,227,14
4362,73.886,95.094,0,358,19
3610,3.018,4.17,0,35,1
3929,58.758,87.727,0,324,9
4332,40.604,57.652,0,246,9
4257,11.962,16.268,0,96,4
9727,31.883,42.745,0,200,10
4039,23.313,29.619,0,121,8
3430,27.304,40.226,0,177,7
7072,18.752,26.453,0,128,6
2353,6.224,9.074,0,48,2
10682,52.881,82.49,0,384,11
3865,33.861,49.085,0,233,8
2118,3.308,4.907,0,31,0
2759,24.795,36.992,0,154,6
5570,49.512,60.885,0,257,15
6116,39.382,55.066,0,276,11
8082,57.239,87.519,0,463,13
3555,22.78,32.32,0,145,7
8085,26.488,42.703,0,181,5
8402,23.037,27.004,0,140,11
4477,13.09,19.192,0,114,5
2461,11.263,17.051,0,89,3
1535,9.67,16.122,0,85,2
3960,17.492,22.841,0,100,6
3454,32.29,44.433,0,177,8
7883,67.799,122.646,0,611,12
8212,21.332,31.968,0,170,7
3953,70.66,97.793,0,380,15
7909,24.867,32.177,0,158,10
6820,17.907,27.386,0,146,6
3841,59.215,75.174,0,316,17
5204,52.764,63.921,0,257,18
9633,85.986,153.374,0,787,18
12001,57.908,92.675,0,466,14
3394,32.527,42.682,0,172,9
8677,9.102,18.305,0,122,2
2731,11.16,15.731,0,87,4
6404,10.214,20.752,0,156,3
2193,11.508,15.949,0,80,4
9071,65.197,74.066,0,337,26
3312,19.363,29.127,0,131,5
4506,45.192,60.803,0,247,11
3155,34.342,44.208,0,186,9
1525,7.905,16.227,0,125,2
2731,23.741,42.424,0,199,4
8526,11.17,13.901,0,80,5
2690,17.8,38.151,0,219,4
2274,9.653,18.244,0,108,2
2059,3.49,4.657,0,34,2
6528,7.116,8.868,0,60,4
6008,26.667,39.97,0,174,6
2271,10.961,15.362,0,73,4
5644,52.045,65.893,0,288,14
6268,14.88,19.075,0,109,6
6852,33.689,41.82,0,189,11
9049,19.81,27.689,0,135,7
6512,8.513,13.027,0,81,3
5591,10.391,13.198,0,71,5
1688,1.991,3.305,0,23,0
5682,27.22,35.489,0,147,7
4061,13.062,20.334,0,110,4
14273,21.546,41.757,0,227,5
4049,10.954,16.448,0,83,4
12152,29.144,40.293,0,209,10
3796,55.044,88.043,0,335,9
9156,51.43,78.259,0,471,13
4086,28.249,41.86,0,169,6
4133,37.254,60.578,0,250,6
7732,13.709,30.454,0,170,2
11197,22.538,36.812,0,240,7
4081,21.102,30.352,0,146,6
4688,21.817,29.724,0,143,8
5202,5.894,7.013,0,40,4
4283,3.547,4.868,0,37,1
4480,9.931,12.912,0,80,4
5658,8.356,10.199,0,58,5
4088,12.416,17.063,0,85,5
3963,15.946,22.694,0,106,5
2948,2.406,3.804,0,32,0
3375,27.715,37.997,0,175,8
4671,17.769,24.144,0,132,6
3084,2.636,3.666,0,31,1
9947,59.829,74.364,0,365,27
4185,63.208,92.945,0,377,13
3848,2.586,4.003,0,36,0
2376,2.76,4.006,0,33,1
2293,2.549,3.951,0,41,0
3450,18.157,26.686,0,124,6
13616,48.652,65.123,0,345,15
9678,8.662,12.986,0,85,3
3998,4.098,5.642,0,45,1
3967,3.901,5.105,0,39,2
3722,17.653,24.552,0,112,5
5983,86.174,104.357,0,398,27
6412,216.856,290.173,0,1054,43
2710,7.649,12.073,0,75,2
3265,5.179,7.87,0,47,2
8395,22.814,43.244,0,215,5
3548,5.789,7.543,0,47,3
3909,27.52,38.685,0,187,8
5388,10.577,18.703,0,108,3
6794,35.024,41.694,0,179,13
5717,165.92,203.476,0,768,53
6623,2.814,3.988,0,45,1
4970,24.757,31.824,0,142,9
4554,70.982,96.636,0,426,20
2659,23.937,33.448,0,145,6
3340,28.977,42.96,0,186,7
5655,2.993,4.105,0,34,1
5632,43.94,54.895,0,223,14
3103,2.625,3.899,0,39,0
4419,28.02,41.677,0,184,6
7703,11.366,14.741,0,104,5
4597,18.035,22.997,0,127,8
4492,4.775,5.984,0,50,3
2863,16.993,26.499,0,129,5
13388,14.421,25.872,0,179,5
2864,13.593,18.38,0,97,6
3786,14.858,19.979,0,114,6
6161,43.194,59.365,0,250,10
5253,26.389,32.625,0,159,11
6488,12.275,15.426,0,80,5
3439,7.867,10.588,0,63,3
4773,32.159,43.33,0,213,10
6275,9.251,11.053,0,56,5
5058,20.164,23.114,0,103,9
2415,29.875,39.429,0,162,10
5365,8.272,9.706,0,57,5
4469,55.619,70.835,0,292,17
4868,15.291,19.676,0,119,6
2116,11.879,16.732,0,96,4
8387,18.26,27.949,0,147,6
4701,14.972,21.18,0,107,5
4010,23.026,30.467,0,127,6
4951,19.679,25.468,0,116,7
3716,2.956,3.9,0,32,1
12264,9.595,11.936,0,71,5
4147,26.792,44.338,0,227,6
2889,6.527,9.014,0,54,3
8131,67.964,97.199,0,402,12
2653,11.257,20.676,0,125,3
3316,24.632,36.467,0,159,6
6479,3.875,4.91,0,37,2
5163,7.257,10.441,0,65,3
4672,28.516,38.365,0,165,8
7044,21.26,26.498,0,117,8
13796,15.678,31.535,0,241,5
8378,29.3,70.956,0,400,3
5230,27.223,36.47,0,159,8
1818,3.671,5.008,0,42,2
2472,8.065,12.685,0,76,3
8751,17.058,21.532,0,123,8
7914,28.385,44.981,0,233,8
3016,20.862,30.78,0,134,6
2023,10.977,15.957,0,94,4
5329,10.099,12.323,0,73,5
3560,23.865,33.242,0,149,7
8475,44.513,72.412,0,406,15
6078,21.727,30.049,0,151,7
4439,30.801,38.816,0,160,10
4962,21.263,70.151,0,512,3
8047,15.844,37.536,0,260,4
2037,2.651,3.952,0,28,1
3666,52.136,82.702,0,345,9
6272,5.163,6.232,0,50,3
4692,2.989,4.145,0,35,1
4119,9.867,14.145,0,70,4
2479,2.646,4.048,0,30,0
4865,16.999,22.529,0,104,6
3404,28.236,49.099,0,215,5
10924,16.075,24.236,0,149,6
3309,5.918,7.194,0,45,3
9453,44.395,72.819,0,367,10
10029,14.431,17.062,0,102,8
3576,15.18,20.405,0,111,6
3220,8.933,12.911,0,66,3
2092,36.798,73.157,0,339,5
5943,19.249,39.672,0,216,4
13016,26.492,35.7,0,216,12
4945,263.325,348.248,0,1385,58
3517,24.405,37.08,0,161,6
4079,11.937,15.901,0,82,5
2745,23.97,38.259,0,158,6
2271,9.116,15.702,0,89,2
1770,6.212,8.541,0,49,3
6148,26.604,37.921,0,207,9
7031,33.299,46.305,0,217,11
3998,11.127,14.294,0,81,5
5700,28.506,34.807,0,156,11
8984,14.01,24.515,0,142,5
9222,67.275,88.092,0,374,19
9172,13.996,24.374,0,143,4
5121,3.96,5.316,0,44,2
12987,32.366,47.945,0,239,11
4352,59.055,85.469,0,343,12
7152,44.189,51.912,0,218,16
13677,38.189,66.271,0,364,9
3563,3.122,4.446,0,38,1
2562,28.373,41.278,0,174,7
5702,17.226,21.651,0,119,7
3254,21.273,28.429,0,127,7
4902,25.224,33.453,0,145,9
3921,8.918,10.609,0,60,5
5134,17.651,21.633,0,118,9
5795,62.298,109.747,0,517,13
14119,59.536,79.844,0,455,21
5816,11.638,13.184,0,68,7
4162,10.321,12.929,0,70,5
2954,2.842,3.888,0,28,1
6585,22.597,26.449,0,118,10
4336,2.647,3.887,0,32,0
1501,5.313,9.385,0,56,0
5807,4.721,5.803,0,40,3
3908,6.885,8.938,0,49,3
8556,37.797,49.539,0,256,15
9384,88.13,148.433,0,753,21
2353,8.213,10.89,0,61,3
4874,42.978,53.221,0,230,12
5193,21.324,24.093,0,109,10
2176,2.396,3.857,0,36,0
9495,13.66,18.39,0,116,5
4015,4.766,7.09,0,48,1
7147,10.303,17.605,0,111,2
4299,17.574,23.333,0,116,6
5879,12.757,24.348,0,120,2
8978,52.926,87.708,0,406,9
3680,7.636,10.056,0,56,3
3594,2.937,4.054,0,28,1
2538,7.833,12.627,0,71,2
4319,2.241,3.493,0,31,0
9732,24.339,46.437,0,241,4
2080,10.425,16.271,0,82,2
5216,34.749,47.388,0,196,9
2090,18.586,25.494,0,116,6
3461,39.084,59.478,0,251,7
11282,16.162,24.174,0,138,5
3098,7.05,11.014,0,83,2
3721,22.741,39.994,0,178,5
6904,33.187,43.459,0,198,10
10418,16.105,24.395,0,135,6
7655,34.904,45.591,0,192,9
4615,23.595,35.054,0,142,6
3274,10.124,12.711,0,69,5
2895,6.527,8.177,0,55,4
9470,5.925,11.407,0,100,1
5044,4.174,5.526,0,61,2
3885,18.84,33.47,0,166,3
13237,14.486,25.535,0,154,4
4218,15.335,19.427,0,99,7
3208,9.624,14.607,0,92,3
14303,53.141,90.21,0,452,12
2575,2.897,4.086,0,32,1
2647,2.986,4.073,0,30,1
3420,3.637,4.814,0,31,2
3027,6.775,9.106,0,52,3
3541,23.976,40.838,0,186,6
4915,21.533,28.825,0,137,7
3817,17.779,22.951,0,119,7
5496,35.527,43.894,0,198,12
8211,27.758,42.191,0,219,8
10082,29.67,40.942,0,243,10
4703,12.143,15.35,0,96,6
2960,2.689,3.897,0,32,1
6628,11.125,16.106,0,111,5
3299,10.461,18.347,0,100,2
9803,9.319,14.227,0,98,4
5306,99.465,148.014,0,612,17
2877,25.367,39.2,0,157,6
2965,8.577,11.518,0,68,4
3449,14.246,20.439,0,108,5
4223,18.809,27.033,0,134,6
5614,13.43,15.561,0,78,7
5509,35.181,43.708,0,177,13
5565,20.529,28.708,0,142,7
7061,18.267,32.404,0,202,7
5278,11.25,14.241,0,74,5
5448,38.19,53.458,0,245,12
4097,7.361,9.156,0,50,4
4081,34.55,46.056,0,193,11
5708,3.122,4.239,0,40,1
14128,16.547,29.56,0,181,5
5632,39.559,47.447,0,225,15
7274,39.674,63.417,0,313,11
4487,36.092,48.049,0,205,11
8013,39.835,55.235,0,241,13
9847,5.185,7.396,0,53,2
2833,3.686,4.719,0,36,2
5888,32.386,42.601,0,203,10
5922,31.395,36.266,0,155,14
6351,18.376,21.027,0,105,9
2917,13.477,18.464,0,100,5
10451,22.759,42.414,0,233,5
3211,32.368,39.783,0,155,11
2133,2.434,3.534,0,24,0
8129,19.431,25.944,0,134,9
3728,2.798,3.964,0,34,1
2005,35.542,39.273,0,147,21
3597,1.926,3.519,0,35,0
6427,11.18,14.759,0,77,4
6952,7.544,10.648,0,74,4
7266,58.227,72.097,0,324,17
4539,8.47,11.24,0,66,4
5703,22.962,26.967,0,122,10
7934,16.799,22.908,0,121,6
3037,6.025,7.063,0,43,4
1571,6.431,9.473,0,51,3
4930,4.454,6.286,0,58,2
7765,20.357,24.181,0,123,9
2677,3.214,3.982,0,28,2
4643,19.145,24.166,0,115,9
2836,2.339,3.639,0,29,0
2426,2.866,3.797,0,24,1
2631,10.187,14.201,0,80,4
10870,6.838,10.521,0,80,3
9903,43.729,57.06,0,310,18
5975,16.124,18.532,0,101,8
4361,33.062,49.116,0,208,8
3675,13.629,18.936,0,105,5
7641,41.083,58.041,0,304,15
7375,14.244,23.459,0,125,5
9936,20.253,37.579,0,214,5
14631,33.33,46.35,0,231,9
5897,20.867,24.888,0,118,9
6470,64.068,75.666,0,294,21
12679,17.349,41.296,0,266,3
4806,18.255,26.798,0,125,5
3980,32.906,41.494,0,188,12
4883,29.882,38.955,0,178,10
2731,2.825,4.024,0,29,1
3046,31.776,44.165,0,173,8
7563,28.61,34.466,0,149,11
13937,32.466,41.855,0,212,11
3292,9.757,13.238,0,77,4
9797,22.877,25.735,0,130,11
5498,25.069,76.674,0,548,3
4291,18.364,27.164,0,135,6
6121,15.344,26.931,0,142,4
2115,7.536,13.303,0,84,1
2208,12.645,23.615,0,130,3
8205,35.408,72.896,0,375,6
5848,23.077,32.932,0,155,6
7251,17.407,25.17,0,133,6
2892,3.061,4.317,0,37,1
6906,9.967,18.557,0,114,3
7605,22.286,34.877,0,174,6
4699,12.015,19.101,0,103,4
4600,40.415,58.914,0,299,13
7385,4.844,7.381,0,74,2
4045,27.603,40.533,0,171,7
9009,29.286,55.52,0,306,6
2074,8.926,11.828,0,60,4
2330,34.669,47.972,0,198,9
7964,50.251,54.464,0,234,23
1918,2.589,4.103,0,41,0
9494,10.785,14.042,0,91,5
6882,22.916,39.217,0,195,6
5249,5.497,6.745,0,47,3
13933,29.791,57.253,0,373,7
2971,2.865,3.96,0,24,1
11035,11.022,20.592,0,137,3
2814,26.339,45.175,0,218,5
12929,13.885,27.639,0,167,4
2599,2.816,4.259,0,40,0
5133,33.932,44.472,0,174,9
4038,69.352,99.086,0,392,12
3837,39.435,56.154,0,216,7
1558,17.42,27.223,0,129,5
4598,39.271,52.276,0,211,9
5607,3.646,4.909,0,34,1
2788,12.526,22.258,0,123,3
6012,2.451,3.866,0,36,0
4194,43.154,62.572,0,246,8
3760,2.415,3.951,0,39,0
1780,1.94,3.248,0,26,0
5100,15.427,19.994,0,98,6
2365,14.951,19.381,0,82,5
1576,0.856,2.261,0,29,0
3788,5.97,7.743,0,52,3
2844,2.414,3.457,0,37,1
4827,2.511,3.419,0,23,1
3010,9.965,13.518,0,76,4
5000,32.13,43.329,0,193,9
4410,13.577,19.457,0,122,5
9787,10.816,24.171,0,151,3
5680,21.836,27.906,0,124,8
5400,16.974,24.171,0,131,6
4090,2.853,3.955,0,46,1
2415,22.749,36.833,0,161,5
2083,2.655,3.584,0,21,1
2818,20.571,28.256,0,159,7
6078,29.763,40.742,0,178,9
5386,3.388,4.183,0,34,2
4697,3.778,4.489,0,40,2
1726,4.146,7.491,0,60,1
2174,11.624,22.789,0,119,3
7789,8.081,13.815,0,110,3
5194,11.416,15.218,0,101,5
5459,4.409,5.252,0,34,3
3538,17.899,28.076,0,131,5
2018,8.062,10.221,0,62,4
2010,2.645,3.706,0,26,1
3018,31.716,47.273,0,196,8
3427,8.954,12.246,0,67,4
4674,17.388,25.447,0,121,5
11996,31.091,51.862,0,262,7
2826,4.968,6.406,0,51,3
9085,18.295,26.153,0,139,6
5702,3.691,4.668,0,35,2
11118,40.926,51.598,0,211,13
6819,59.258,81.005,0,311,12
6582,34.734,46.867,0,210,10
3450,9.643,13.68,0,71,4
2071,28.783,44.872,0,189,7
12545,28.595,62.314,0,402,8
2917,26.528,39.116,0,161,7
13406,24.006,45.096,0,267,7
8342,12.62,17.367,0,118,6
1985,3.28,4.251,0,31,2
2522,15.092,19.756,0,110,6
9959,11.195,17.377,0,109,5
7829,9.237,11.688,0,75,5
4243,3.263,4.363,0,33,1
3646,30.729,50.573,0,223,7
4325,36.122,51.528,0,201,8
2273,9.437,15.077,0,83,3
3879,3.398,4.477,0,33,1
6672,18.459,29.574,0,149,6
3015,19.662,31.01,0,146,5
2375,14.133,22.293,0,109,4
10433,27.066,41.036,0,258,9
5126,8.617,10.572,0,62,5
7714,52.373,75.489,0,303,11
4145,5.919,7.155,0,49,3
4903,21.272,29.362,0,153,7
6228,195.478,257.222,0,988,45
7642,3.691,4.59,0,41,2
5176,3.261,4.423,0,42,1
8821,59.226,75.519,0,342,18
9700,24.569,29.639,0,160,11
3193,2.933,3.992,0,32,1
5674,29.321,38.556,0,162,9
3506,37.349,57.851,0,244,8
4034,19.895,27.083,0,134,7
12632,59.673,89.865,0,411,15
3906,20.02,28.305,0,127,6
4803,31.477,45.988,0,192,8
11478,26.578,38.647,0,212,10
3973,3.174,4.425,0,37,1
4262,28.904,41.47,0,183,7
5772,19.25,25.003,0,110,7
3290,18.801,32.803,0,153,4
10752,44.099,66.888,0,340,9
1601,14.723,22.54,0,107,4
7031,23.04,26.022,0,119,10
1680,9.657,14.218,0,86,4
6100,29.54,37.891,0,154,10
2155,2.392,3.806,0,37,0
5017,16.319,19.739,0,96,7
3300,25.564,37.945,0,162,6
5460,19.248,23.548,0,106,8
6450,18.037,28.326,0,165,5
5471,29.4,39.667,0,188,8
3992,60.684,106.584,0,488,10
5075,20.884,27.405,0,136,7
4497,15.908,20.912,0,99,6
3932,19.524,27.17,0,133,7
5034,16.064,22.244,0,105,6
5919,23.747,31.781,0,164,9
6206,36.201,43.734,0,166,12
1935,28.66,46.893,0,220,8
1936,5.651,6.804,0,37,3
9333,86.219,133.686,0,601,23
12018,26.618,37.228,0,221,11
4299,3.637,4.56,0,42,2
4101,15.022,17.576,0,88,8
2652,6.359,8.579,0,54,3
2788,12.482,18.088,0,94,5
6364,9.773,11.598,0,65,5
8084,47.889,72.884,0,345,13
12233,32.143,46.06,0,322,12
2924,3.067,4.128,0,31,1
1840,3.314,4.343,0,33,1
3603,2.577,3.614,0,27,1
4335,51.261,67.626,0,318,14
11841,37.383,49.096,0,221,13
7815,19.605,28.82,0,140,6
2139,4.284,5.381,0,38,2
8305,38.724,60.276,0,264,9
9454,39.25,62.527,0,315,10
4477,16.314,20.875,0,105,7
3352,10.475,11.975,0,67,6
6792,5.744,6.991,0,45,3
2086,11.866,18.793,0,112,4
8075,48.037,70.81,0,393,15
4966,16.143,17.831,0,101,9
3813,94.017,112.3,0,436,31
6030,19.718,27.46,0,131,7
4576,3.664,4.933,0,31,2
7476,9.67,15.928,0,107,3
5505,27.573,34.034,0,145,10
3716,30.399,40.97,0,165,9
2457,8.039,8.903,0,53,5
2569,3.295,4.515,0,35,1
2844,46.115,63.068,0,236,11
4933,80.157,107.662,0,423,20
4836,19.092,27.637,0,138,6
9068,12.174,18.137,0,120,5
4241,43.711,67.527,0,299,10
7115,48.025,59.636,0,250,15
6225,28.438,39.362,0,176,9
3187,50.388,72.967,0,319,14
4546,78.234,105.756,0,429,18
4541,53.781,79.752,0,339,10
4989,9.281,10.483,0,61,5
7131,20.918,24.87,0,136,11
1925,6.88,7.796,0,46,4
2866,12.261,14.833,0,78,6
3800,29.486,32.59,0,133,14
3859,3.223,4.319,0,46,1
4408,20.164,25.409,0,119,9
5474,18.214,19.646,0,97,10
1914,57.745,72.802,0,287,16
7524,47.161,74.275,0,362,9
6949,7.751,10.106,0,72,4
6249,54.617,57.322,0,244,27
3114,14.302,19.225,0,96,5
3229,16.829,22.547,0,109,6
14578,24.99,40.832,0,238,9
2880,2.974,4.235,0,32,1
3342,29.469,38.84,0,163,9
3538,32.432,38.311,0,146,13
2780,9.52,11.453,0,57,5
8786,20.068,24.175,0,144,10
3189,9.024,10.787,0,55,5
7943,84.701,88.654,0,369,42
2336,100.503,122.065,0,449,29
3718,13.768,18.044,0,95,6
4424,21.954,23.17,0,109,13
2134,19.068,20.732,0,100,10
1874,5.501,7.571,0,40,1
6312,13.037,26.616,0,146,2
2611,2.416,3.356,0,31,1
6480,23.312,28.026,0,135,11
3117,10.025,12.029,0,66,5
2464,17.797,18.781,0,88,10
2828,15.902,17.09,0,80,9
2290,22.788,32.14,0,130,8
3670,2.11,3.146,0,35,0
1684,5.199,4.564,0,25,5
1816,9.565,17.595,0,102,3
5520,13.694,26.823,0,141,3
2459,10.417,9.367,0,56,8
5871,27.974,27.829,0,142,17
8288,69.57,96.384,0,436,22
2027,22.262,25.38,0,115,10
5535,34.221,54.036,0,277,11
6557,97.264,111.654,0,453,34
3658,39.212,39.752,0,163,20
3153,5.166,5.668,0,49,4
2181,54.707,65.971,0,257,16
2483,2.306,3.479,0,23,0
2010,26.797,39.862,0,172,7
1517,25.159,38.927,0,157,5
4280,2.61,3.777,0,28,0
4424,15.761,20.251,0,125,7
3064,8.042,10.137,0,59,4
1830,13.487,12.975,0,119,9
5368,47.58,53.189,0,226,19
3872,5.236,4.784,0,36,5
1987,15.667,22.159,0,102,5
1567,6.091,9.185,0,49,2
4166,10.405,13.603,0,69,5
4481,2.227,3.657,0,36,0
1771,3.892,5.051,0,31,2
1680,3.539,4.809,0,36,1
4017,70.981,86.152,0,353,20
3236,29.511,42.658,0,181,7
2060,22.727,33.073,0,151,6
3145,19.907,22.862,0,122,9
7656,39.223,67.634,0,328,7
2755,89.099,134.011,0,520,15
3611,39.88,53.46,0,213,10
3124,2.573,3.779,0,28,0
4516,28.276,35.339,0,151,9
3605,9.363,11.076,0,76,5
1951,87.662,99.261,0,356,29
2156,2.644,4.038,0,36,0
2318,9.248,11.4,0,62,5
2515,5.924,9.288,0,105,3
2316,21.544,24.785,0,119,10
2400,131.389,116.245,0,400,99
2674,5.686,6.926,0,42,3
1992,2.105,3.585,0,38,0
4221,2.252,3.751,0,32,0
1775,71.661,80.599,0,340,29
3278,21.506,28.021,0,119,7
1795,13.957,22.591,0,105,4
5144,15.211,17.048,0,101,9
4471,2.84,4.245,0,32,0
4009,7.177,8.867,0,50,4
1660,4.838,8.551,0,57,1
10031,35.933,52.402,0,262,13
1869,7.987,14.15,0,91,2
3447,29.475,48.519,0,221,6
1748,1.887,3.272,0,20,0
1550,2.282,3.937,0,32,0
2773,18.984,24.59,0,125,9
1609,7.05,5.238,0,50,7
2400,14.403,19.701,0,105,7
1692,10.261,11.729,0,88,7
4073,18.016,24.101,0,120,9
7092,18.733,18.27,0,106,12
1818,4.799,4.02,0,19,4
3780,24.595,33.105,0,146,9
5637,32.25,35.853,0,163,14
4326,24.039,23.614,0,109,13
4094,36.19,42.135,0,192,14
5021,25.414,24.837,0,131,14
2007,17.115,17.314,0,96,11
2791,29.771,37.492,0,167,12
4392,73.36,96.749,0,369,19
3436,8.072,5.357,0,35,8
3950,27.668,29.475,0,140,15
2134,11.888,13.093,0,132,9
7504,38.105,38.147,0,204,20
2786,28.98,39.617,0,192,13
2998,33.151,47.495,0,214,12
2983,23.488,21.881,0,108,14
4791,64.542,73.136,0,307,26
4200,9.317,6.377,0,41,9
4176,17.614,14.507,0,91,13
6130,98.255,106.131,0,424,39
8365,40.925,46.862,0,248,18
1690,7.727,5.306,0,36,7
3061,36.194,41.845,0,196,15
2747,26.648,32.139,0,138,12
4012,11.464,7.701,0,57,10
5154,95.851,110.933,0,432,31
8192,58.65,73.874,0,315,19
7081,71.253,70.42,0,287,35
5113,25.647,24.505,0,115,14
4827,23.147,20.512,0,109,15
1593,9.028,5.936,0,33,8
2696,44.184,61.545,0,282,15
1792,7.708,5.397,0,49,7
2028,9.099,5.832,0,35,9
3994,16.379,13.354,0,73,12
4289,48.666,55.268,0,252,19
5560,25.564,23.299,0,121,16
1881,29.629,37.209,0,159,12
4818,40.278,36.768,0,160,22
1747,16.015,13.635,0,70,12
5475,8.858,5.618,0,47,8
3063,18.258,15.433,0,105,13
7593,53.153,64.256,0,344,22
3739,50.177,56.054,0,238,21
3653,12.693,7.871,0,48,12
4047,14.813,9.457,0,56,13
2206,8.49,5.666,0,49,8
4376,84.485,98.205,0,370,29
2462,8.238,5.56,0,43,8
2608,7.632,5.394,0,43,7
3048,20.432,19.823,0,119,13
6100,10.819,8.894,0,84,9
3111,9.356,5.744,0,39,9
4672,39.666,39.818,0,187,21
4106,37.746,35.605,0,150,21
3398,19.84,13.938,0,86,16
11814,67.981,94.647,0,517,23
6419,29.7,32.689,0,166,16
6278,23.039,29.292,0,228,13
3250,11.38,6.43,0,49,11
3179,11.266,7.273,0,43,11
2754,13.905,12.015,0,76,10
7604,34.25,42.113,0,197,15
1784,42.054,38.718,0,163,24
2051,7.84,5.301,0,34,7
2060,30.575,39.099,0,180,14
3254,51.429,62.525,0,261,19
9362,23.234,21.988,0,134,16
8006,173.905,207.748,0,840,65
3974,21.558,19.49,0,105,14
4370,10.023,6.539,0,43,9
11804,16.625,15.073,0,126,14
3418,22.658,18.914,0,108,16
2255,34.149,41.428,0,184,15
6911,32.112,33.141,0,175,19
2299,21.778,20.22,0,99,14
4214,33.146,31.982,0,150,19
5479,56.595,53.37,0,239,30
8235,25.635,19.557,0,108,19
2088,32.475,33.639,0,148,16
2739,39.554,44.936,0,195,17
3089,97.52,96.49,0,342,53
3872,29.762,30.682,0,132,17
3098,5.899,5.495,0,32,5
2945,54.553,49.753,0,196,39
3598,2.829,3.497,0,37,2
4681,42.253,59.367,0,251,11
3513,10.98,12.169,0,65,6
5919,6.336,5.79,0,56,5
10575,25.15,24.578,0,112,13
1642,3.828,4.315,0,43,3
2037,2.627,3.537,0,23,1
1776,46.198,71.588,0,310,12
6732,49.886,54.017,0,220,20
1573,12.629,16.341,0,85,6
3478,7.459,7.937,0,49,5
1704,17.795,27.999,0,126,5
7344,14.074,18.244,0,100,6
5302,22.029,26.298,0,124,9
2988,26.367,35.519,0,179,10
6754,23.634,27.041,0,137,12
3005,3.549,4.2,0,41,2
3372,10.157,8.332,0,49,8
2334,4.265,4.496,0,29,3
6487,10.559,11.756,0,65,6
2234,5.641,4.944,0,36,5
7745,22.571,50.775,0,260,3
6751,12.849,24.095,0,143,4
5319,54.165,66.159,0,328,26
6484,65.561,76.164,0,287,25
4304,10.995,13.181,0,66,5
3984,69.7,88.847,0,356,21
2065,20.139,21.325,0,97,10
3422,3.541,4.285,0,36,2
2495,3.881,4.573,0,42,2
5329,21.967,28.045,0,126,8
3334,42.347,58.988,0,256,12
2740,52.964,76.116,0,306,14
1520,3.942,4.601,0,34,2
2038,12.535,12.585,0,70,8
3056,50.208,75.546,0,316,11
3807,2.16,3.569,0,34,0
3246,14.559,20.056,0,100,5
1826,2.572,3.784,0,27,0
3499,176.672,216.269,0,770,52
8804,41.904,45.693,0,208,19
2607,2.534,3.929,0,38,0
4279,2.552,3.955,0,37,0
4439,8.004,10.217,0,83,4
2155,183.123,206.228,0,761,67
1999,21.486,21.992,0,99,11
1791,36.089,40.023,0,172,16
2177,2.192,3.638,0,26,0
3601,19.78,23.371,0,119,9
5411,28.729,37.125,0,178,11
2526,5.809,7.685,0,43,3
3376,3.175,4.3,0,31,1
6003,35.695,49.165,0,254,11
1786,8.778,11.25,0,63,5
3475,2.58,3.851,0,35,0
1690,2.363,3.62,0,28,0
7626,13.701,19.219,0,113,6
7167,131.974,140.726,0,495,62
2969,114.266,147.858,0,539,25
1622,3.231,4.21,0,31,1
7076,119.527,112.945,0,519,82
3783,76.001,84.325,0,358,36
3132,22.357,25.717,0,135,10
6696,20.133,24.353,0,140,10
3093,17.056,23.866,0,107,6
5357,31.11,32.243,0,139,17
4587,67.36,68.596,0,298,41
4181,3.188,4.317,0,27,1
14921,60.672,91.828,0,540,25
3216,1.592,3.056,0,35,0
3314,1.964,3.426,0,35,0
4548,15.841,18.87,0,103,8
5883,46.409,52.226,0,230,21
2983,10.066,12.377,0,73,5
2688,7.565,8.498,0,47,5
5169,10.075,11.46,0,71,6
4316,3.073,4.333,0,33,1
7641,7.064,10.089,0,63,3
2151,8.793,13.287,0,74,3
4296,2.448,3.417,0,43,1
6370,25.444,44.069,0,217,6
7409,3.895,5.846,0,47,2
2789,19.856,35.112,0,159,4
10888,18.734,23.313,0,116,8
7544,7.546,8.274,0,52,5
7223,15.331,17.915,0,105,8
11725,5.204,8.896,0,65,1
4575,20.235,26.872,0,122,8
14094,15.244,23.198,0,156,6
2668,20.708,35.194,0,155,5
4630,37.45,52.843,0,223,10
2622,9.749,15.434,0,104,4
5105,45.601,62.215,0,269,11
6327,29.11,36.839,0,152,10
8122,4.16,5.194,0,41,2
8190,39.133,54.432,0,252,13
2949,14.486,22.846,0,114,5
10800,20.658,26.097,0,142,9
4844,18.142,26.292,0,126,6
2541,3.468,4.445,0,37,2
5492,38.953,53.634,0,250,11
3221,22.757,30.387,0,141,8
5673,26.888,43.345,0,225,8
9134,27.476,38.043,0,210,10
6193,17.964,22.424,0,113,8
3801,29.735,41.184,0,179,9
6633,30.959,40.736,0,180,11
6573,24.206,29.251,0,129,10
4642,10.669,14.396,0,83,5
8945,25.903,30.973,0,168,12
3337,13.437,21.418,0,115,4
3294,35.138,54.631,0,239,8
12555,28.065,38.537,0,222,10
4783,3.011,4.233,0,34,1
2185,2.892,4.003,0,32,1
13415,57.193,89.053,0,441,14
14093,72.541,119.641,0,491,10
6823,45.003,73.654,0,338,10
3219,16.293,23.878,0,110,5
11459,21.945,30.8,0,166,8
4440,14.143,20.366,0,107,5
8002,18.252,27.559,0,134,6
2542,22.334,35.964,0,160,6
4915,2.885,4.198,0,51,1
4542,20.079,29.988,0,148,6
1915,8.727,14.993,0,89,3
3936,3.083,4.229,0,29,1
4423,2.848,4.143,0,33,1
6366,19.296,23.785,0,121,9
3481,15.919,21.968,0,117,6
7048,35.45,44.16,0,204,13
9320,103.929,135.516,0,699,41
10148,33.892,59.93,0,302,7
6208,37.092,46.345,0,200,14
7147,98.308,116.325,0,473,34
3121,3.443,4.614,0,31,1
12177,29.107,68.44,0,364,4
6086,22.546,25.066,0,112,12
11341,37.109,61.499,0,305,8
5572,5.468,6.598,0,40,3
5486,3.28,4.445,0,32,1
9190,23.778,50.435,0,279,5
3131,16.607,23.393,0,111,5
3049,4.965,6.164,0,35,3
6035,41.643,50.085,0,205,14
5234,18.476,23.259,0,109,8
5357,21.812,27.512,0,130,8
2783,2.387,3.578,0,28,0
6278,3.987,6.653,0,54,0
2648,28.393,41.83,0,184,7
3991,8.375,22.383,0,153,0
2149,0.513,1.488,0,15,0
8835,10.631,7.336,0,68,10
3849,6.99,5.842,0,40,6
3049,10.504,6.813,0,41,10
2575,3.459,4.305,0,41,2
3863,3.92,4.623,0,32,3
5769,6.106,5.856,0,36,5
2985,5.934,5.445,0,32,5
5581,4.854,5.31,0,40,3
2588,4.238,4.994,0,36,3
3348,3.648,4.581,0,38,2
7262,6.138,5.71,0,44,5
4497,10.023,6.917,0,45,9
3079,6.359,6.071,0,40,5
3250,6.277,5.783,0,34,5
3535,1.388,3.147,0,33,0
3459,6.072,5.791,0,40,5
2956,5.6,5.444,0,39,5
4587,29.563,19.293,0,113,25
10437,9.887,7.767,0,51,9
2571,6.423,5.947,0,47,5
7948,4.492,5.112,0,41,3
3802,6.3,6.072,0,38,5
4808,4.246,4.886,0,35,3
5077,24.27,10.735,0,81,23
6690,24.948,14.922,0,86,24
3564,4.34,4.94,0,35,3
2446,3.492,4.636,0,38,2
12595,27.573,18.132,0,107,25
2225,5.409,5.704,0,49,4
3886,3.096,4.158,0,32,1
9119,3.901,4.787,0,36,2
2171,3.979,4.749,0,30,2
4865,4.541,5.099,0,33,3
4436,15.681,10.384,0,61,15
8659,7.826,6.728,0,56,7
2408,12.996,7.64,0,45,12
3992,6.769,6.694,0,56,5
4975,7.299,6.189,0,43,6
5852,9.528,7.349,0,54,9
8615,12.014,7.88,0,48,12
4223,4.486,5.171,0,39,3
6740,33.915,18.544,0,101,33
2163,3.435,4.43,0,56,2
11259,4.312,5.129,0,37,3
9034,8.688,6.934,0,57,8
9094,13.327,8.502,0,52,13
2409,21.968,9.117,0,61,22
5712,6.054,5.879,0,37,5
3409,4.432,5.021,0,37,3
8395,13.367,8.852,0,60,13
2662,2.642,3.932,0,43,0
10735,8.848,7.391,0,47,8
2136,9.521,7.32,0,46,9
2442,3.14,4.322,0,30,1
2027,2.74,4.042,0,38,0
3437,25.715,9.582,0,65,25
2851,5.846,5.802,0,47,5
3473,9.582,7.175,0,57,9
4750,19.239,10.433,0,69,19
2215,3.578,4.772,0,54,1
1871,4.362,4.839,0,31,3
10204,30.314,41.763,0,194,9
4514,4.918,5.183,0,46,4
1995,12.953,20.926,0,123,5
4627,0.389,1.303,0,13,0
2795,9.177,12.738,0,68,3
2677,2.501,3.878,0,30,0
6372,24.203,28.466,0,135,10
9676,4.009,8.148,0,86,1
5694,35.947,55.048,0,262,7
4865,24.14,35.256,0,147,5
5525,26.194,36.117,0,163,7
13170,26.176,55.118,0,377,5
6432,37.071,52.278,0,237,8
6896,31.561,39.961,0,196,12
4143,28.264,39.9,0,164,6
4489,12.109,16.549,0,87,5
2837,15.232,22.192,0,110,5
4442,63.402,92.049,0,354,11
7356,17.696,23.535,0,110,6
4290,9.463,11.594,0,66,5
7743,21.597,53.833,0,359,5
6531,7.673,8.743,0,55,5
9508,44.565,67.197,0,367,13
3508,10.21,13.371,0,70,5
4253,39.402,49.862,0,222,11
5830,35.738,42.442,0,200,14
5789,63.549,83.687,0,346,15
4832,39.43,50.888,0,204,12
5375,18.587,23.009,0,111,8
3055,13.82,20.111,0,101,4
5818,21.674,30.223,0,134,7
4898,36.713,51.214,0,223,9
3291,14.548,22.699,0,119,4
2317,6.851,9.705,0,55,3
3006,20.638,34.593,0,172,4
4116,4.181,5.209,0,37,2
2237,22.394,32.456,0,147,7
5411,47.109,62.255,0,290,15
5197,26.582,36.768,0,151,7
3316,55.796,89.467,0,420,10
3999,11.472,13.691,0,85,6
6085,4.082,4.95,0,44,2
9811,27.849,39.214,0,208,9
5477,20.862,24.575,0,123,9
6864,17.689,19.045,0,101,10
2824,30.883,38.634,0,166,12
3031,43.089,56.394,0,237,13
3093,5.235,6.531,0,39,3
4062,3.169,4.183,0,28,1
5341,13.623,14.602,0,87,8
7634,5.162,5.907,0,42,3
3454,12.784,15.49,0,84,6
2530,18.274,25.023,0,123,6
2264,3.4,4.329,0,31,2
2894,12.291,15.257,0,85,7
3480,23.084,33.253,0,145,7
7983,67.262,73.465,0,311,28
3342,22.983,31.2,0,141,8
2503,5.438,7.246,0,46,3
4036,20.436,25.915,0,139,9
3955,30.317,36.332,0,161,12
12591,12.993,16.382,0,129,8
6668,32.061,34.946,0,141,15
4809,53.068,69.893,0,268,15
3384,11.645,16.107,0,88,5
5461,7.763,8.893,0,51,5
5609,36.088,41.874,0,172,16
4714,3.448,4.517,0,32,1
6428,37.99,45.23,0,185,13
3763,43.349,56.066,0,238,12
4271,18.366,22.876,0,127,8
10893,20.96,28.182,0,136,8
3331,8.984,10.881,0,57,5
9261,29.586,52.23,0,290,10
1751,7.022,9.884,0,70,3
11557,17.234,23.569,0,136,8
4987,6.542,7.204,0,46,4
2654,21.464,29.004,0,137,7
7826,4.955,6.078,0,38,3
10844,47.981,56.455,0,289,19
4911,8.74,10.137,0,57,5
4058,92.822,120.844,0,494,29
6155,4.271,5.084,0,39,3
2089,3.97,4.936,0,30,2
2948,4.601,5.556,0,35,3
7830,53.414,67.684,0,300,18
8255,32.233,39.657,0,167,13
3788,21.576,27.78,0,126,8
4889,28.034,36.646,0,162,10
4386,19.004,26.355,0,116,6
6225,35.469,39.249,0,161,15
3563,3.542,4.552,0,33,2
4139,59.973,84.062,0,372,16
1654,3.052,4.325,0,37,1
6303,99.699,117.789,0,447,37
1982,4.454,8.385,0,66,1
5575,8.833,13.701,0,82,2
5370,11.653,13.839,0,77,6
3641,48.342,70.437,0,275,8
8135,14.264,30.683,0,174,2
3877,14.259,18.203,0,96,6
3898,4.082,5.566,0,44,2
3838,17.31,39.13,0,201,2
3614,9.439,12.145,0,65,4
3251,14.679,20.648,0,104,5
1581,4.326,6.445,0,48,1
4992,17.379,32.678,0,198,4
5651,23.357,30.56,0,142,7
4816,3.993,5.361,0,36,2
2474,5.369,7.539,0,63,2
4053,32.082,44.518,0,187,8
4477,4.36,5.863,0,41,2
5736,5.876,7.49,0,48,3
5251,20.667,30.08,0,128,5
5357,21.399,26.625,0,126,8
3097,14.875,19.933,0,111,5
2750,2.89,4.099,0,42,1
5070,23.706,29.203,0,132,9
2206,10.128,13.942,0,63,4
11332,26.982,45.198,0,206,5
6067,4.731,9.249,0,79,1
9406,142.957,181.364,0,687,33
4573,28.268,38.096,0,171,8
4794,11.371,14.152,0,92,5
3293,2.574,3.888,0,29,0
2223,20.332,31.786,0,139,4
4235,18.565,25.939,0,121,6
2837,22.753,35.23,0,136,5
3703,13.939,20.182,0,114,4
4105,3.097,4.181,0,32,1
3050,2.622,3.851,0,28,0
10501,29.69,53.47,0,288,6
4727,20.032,28.143,0,141,6
4622,58.836,82.32,0,340,13
1921,4.189,6.001,0,39,1
1597,1.818,3.162,0,29,0
2901,19.811,35.167,0,156,3
4723,20.407,29.28,0,127,6
3379,31.321,43.967,0,176,7
8750,59.48,77.398,0,302,17
8166,7.23,10.69,0,76,2
3250,12.376,18.47,0,101,4
2315,22.089,35.211,0,157,6
4660,3.389,4.581,0,43,1
7297,10.24,11.335,0,64,6
5624,25.559,30.042,0,134,11
6151,28.22,32.394,0,162,12
3574,10.71,14.628,0,81,4
7047,67.261,94.486,0,420,23
2136,22.93,28.848,0,129,8
3877,19.326,26.717,0,121,7
3207,7.463,10.831,0,80,3
4676,25.445,33.601,0,160,9
3609,20.554,29.021,0,132,6
1684,4.374,7.193,0,47,1
2505,39.122,62.288,0,278,7
9941,36.486,53.523,0,296,11
4467,21.134,29.757,0,144,7
4568,8.999,10.814,0,64,5
1916,13.883,24.952,0,137,2
3474,2.466,3.952,0,29,0
11417,8.425,14.463,0,122,2
8001,3.639,5.012,0,39,1
6858,26.866,31.363,0,134,11
7719,14.372,21.699,0,130,5
3530,6.36,8.271,0,53,3
4853,73.52,86.305,0,379,29
12862,26.305,45.917,0,283,8
7957,9.566,17.686,0,115,2
5038,25.324,34.34,0,171,9
5498,2.829,4.047,0,38,1
4831,2.771,4.288,0,32,0
2771,22.495,37.085,0,166,5
8502,10.086,14.559,0,100,4
4167,79.924,108.086,0,409,19
4114,21.481,27.208,0,124,8
10224,24.488,37.505,0,198,7
2713,24.292,38.778,0,174,5
3858,2.364,3.827,0,38,0
3020,2.875,4.252,0,28,0
4048,68.815,95.512,0,412,16
4596,12.22,15.337,0,79,5
6242,138.434,142.382,0,562,71
3559,54.24,69.331,0,272,15
5277,42.668,47.773,0,194,17
2437,10.389,13.985,0,78,4
3980,11.456,16.36,0,88,4
2171,21.261,28.37,0,124,7
3053,20.27,26.523,0,124,7
4408,10.182,13.375,0,80,4
2407,22.387,31.334,0,134,7
5713,20.661,22.757,0,108,11
4165,19.198,25.243,0,128,8
3070,46.582,56.943,0,212,15
5405,10.221,15.959,0,91,3
2433,36.785,50.897,0,200,9
3550,2.274,3.737,0,25,0
3011,35.619,44.867,0,174,11
2989,10.068,11.736,0,61,6
3346,14.048,20.066,0,113,5
6444,2.487,3.392,0,38,1
6091,6.445,9.896,0,64,2
10618,4.566,5.745,0,44,2
5295,19.863,30.168,0,148,6
4701,43.456,58.832,0,268,12
2961,23.286,33.929,0,147,5
3112,3.621,4.555,0,32,2
4030,10.586,14.494,0,86,4
3172,5.983,7.785,0,46,3
4769,10.19,13.505,0,77,4
3276,2.991,3.858,0,27,1
3247,32.454,54.404,0,246,6
5878,48.268,66.319,0,291,13
6347,31.327,49.51,0,244,7
3022,2.944,3.984,0,34,1
4962,17.589,25.804,0,115,5
4135,68.921,103.62,0,384,13
7037,18.202,29.473,0,171,6
3087,10.239,15.016,0,91,4
10251,52.746,84.941,0,440,16
5648,3.306,4.238,0,39,2
7935,12.641,23.652,0,136,4
4423,55.999,80.373,0,333,13
5267,5.231,6.079,0,38,3
4295,15.921,23.574,0,110,5
2129,9.158,15.446,0,83,2
5186,4.692,5.699,0,48,3
2367,16.251,22.759,0,106,6
4803,4.172,5.21,0,35,2
5106,33.802,53.216,0,244,8
10162,28.073,42.764,0,249,8
12859,9.573,15.023,0,101,4
8409,82.964,108.964,0,540,27
5661,18.676,28.158,0,146,6
4928,15.845,20.416,0,111,7
5720,14.814,20.176,0,112,6
4500,10.894,14.223,0,81,5
6494,20.131,24.303,0,120,9
9343,24.567,28.842,0,137,11
5030,14.544,21.891,0,115,5
3346,11.655,15.294,0,109,5
9304,10.914,22.588,0,149,3
4597,9.377,12.083,0,76,5
4913,9.461,11.925,0,69,5
2853,8.803,12.324,0,65,4
3057,6.878,11.398,0,68,2
2588,3.645,4.765,0,31,2
5905,19.996,28.327,0,134,7
3397,25.838,42.518,0,199,6
4791,3.586,4.52,0,36,2
5090,25.247,35.448,0,164,8
8329,24.215,26.513,0,125,13
12625,29.127,48.99,0,286,10
4672,21.165,27.654,0,133,9
2992,17.119,23.774,0,119,7
2931,3.339,4.324,0,33,1
5164,11.895,14.598,0,78,6
5128,33.794,43.715,0,189,11
5357,49.542,61.091,0,264,19
7635,21.547,24.584,0,122,11
10558,34.438,49.672,0,255,10
5200,3.777,4.752,0,38,2
12336,25.873,35.754,0,196,10
6374,64.025,74.31,0,317,25
5634,3.973,4.936,0,39,2
5717,19.846,23.25,0,116,9
4526,19.442,25.224,0,125,8
8303,3.589,4.613,0,45,2
5266,55.883,72.725,0,359,18
6466,16.65,21.357,0,109,7
5018,3.686,4.691,0,38,2
10426,16.355,20.914,0,119,7
6963,22.782,23.36,0,108,13
6964,33.533,36.338,0,175,18
3128,35.731,52.72,0,239,10
4919,34.427,42.263,0,184,13
6468,37.673,48.082,0,212,13
5177,3.319,4.24,0,28,2
5284,16.999,21.186,0,117,8
2815,3.287,4.323,0,42,1
2260,75.658,94.793,0,361,23
2202,2.701,4.157,0,38,0
2740,46.896,53.138,0,226,21
5350,3.25,4.56,0,40,1
6027,80.337,79.596,0,327,46
2209,59.65,48.747,0,197,53
3063,11.117,19.383,0,109,3
2816,5.887,7.929,0,43,3
1788,2.338,3.547,0,26,0
7828,54.519,65.894,0,278,14
3198,4.667,6.635,0,46,2
5662,6.113,9.76,0,63,2
2466,2.305,3.593,0,32,0
9392,28.629,32.658,0,154,13
2830,14.361,25.889,0,131,3
4859,26.768,37.998,0,169,6
10377,27.322,44.242,0,262,9
13197,6.162,14.109,0,118,1
4536,2.85,4.153,0,41,1
2059,12.61,20.265,0,105,4
2169,32.213,61.85,0,279,5
2675,2.466,3.757,0,27,0
6557,36.487,47.433,0,197,10
1792,9.416,19.719,0,133,2
4892,31.662,42.2,0,182,9
5382,20.558,25.898,0,120,8
3447,19.084,27.667,0,116,5
3444,9.712,13.37,0,71,4
5785,49.92,61.364,0,268,16
4594,25.529,36.105,0,173,7
3172,37.401,59.735,0,237,6
4905,8.733,11.658,0,68,3
2160,18.999,30.193,0,142,5
2898,21.031,31.137,0,145,5
3498,11.565,18.608,0,103,3
2970,1.929,3.472,0,31,0
5573,18.359,26.762,0,140,4
4387,14.831,20.842,0,119,4
4732,75.976,88.317,0,330,25
7101,11.594,29.465,0,177,1
3932,5.911,8.151,0,46,2
7287,4.566,8.506,0,65,0
2074,10.683,18.204,0,93,2
4138,75.778,102.282,0,368,17
6493,19.061,25.76,0,127,6
2063,6.185,10.706,0,68,1
9043,40.852,50.644,0,234,16
6499,11.773,14.398,0,78,5
4697,19.226,24.342,0,114,7
5377,53.306,62.713,0,271,19
3511,55.787,86.603,0,356,8
5670,24.225,42.569,0,227,6
5503,10.916,14.877,0,77,3
2343,12.305,17.548,0,100,4
3307,22.011,33.562,0,157,5
3682,29.821,42.496,0,170,7
2297,47.106,75.294,0,328,8
2402,9.75,13.897,0,68,3
10275,48.866,63.088,0,284,19
6950,34.993,43.538,0,193,12
2714,2.552,3.844,0,36,0
7955,37.719,56.476,0,344,11
4047,26.051,35.897,0,156,8
2773,18.001,24.545,0,127,6
7313,33.566,48.423,0,219,10
8955,119.069,168.469,0,751,37
4558,19.445,29.552,0,162,4
2347,11.035,16.703,0,86,3
5986,48.867,58.279,0,256,18
3024,12.845,19.599,0,105,3
6284,78.965,89.56,0,325,30
5247,9.208,17.237,0,114,2
5828,5.278,7.627,0,54,1
2273,13.965,18.984,0,98,5
3953,22.717,27.848,0,126,10
3993,37.445,51.54,0,215,10
2746,2.556,4.074,0,34,0
2036,19.972,36.062,0,166,2
7753,10.515,17.521,0,101,2
4419,25.152,33.821,0,134,8
3778,28.458,40.128,0,174,7
7513,17.475,27.39,0,152,6
2675,41.433,59.598,0,236,9
2907,20.06,26.053,0,118,7
4287,4.06,6.816,0,49,1
3326,66.67,93.868,0,346,16
2114,18.271,24.401,0,103,6
7311,32.836,43.957,0,183,11
4830,64.292,76.383,0,294,22
2872,9.787,16.735,0,100,3
4101,24.32,39.094,0,179,6
2913,44.502,63.562,0,260,9
2280,15.196,22.86,0,99,3
4018,4.625,6.448,0,40,1
5409,28.545,33.904,0,150,11
5581,75.709,86.947,0,369,31
2862,14.031,20.314,0,104,4
6494,12.469,16.26,0,92,5
2049,5.422,8.449,0,62,1
2402,1.344,2.944,0,27,0
7714,22.981,35.042,0,199,8
4165,35.169,46.466,0,216,10
2312,23.115,27.951,0,118,10
4280,18.668,24.277,0,120,7
4337,32.013,43.434,0,182,9
1951,6.925,9.886,0,52,2
3695,103.6,128.436,0,499,33
4508,1.985,3.703,0,40,0
6601,40.065,58.106,0,274,15
10967,24.254,42.466,0,296,7
5154,8.621,18.007,0,120,1
4133,37.62,50.06,0,240,11
8491,23.629,30.929,0,148,9
4600,2.014,3.793,0,36,0
7781,12.479,20.563,0,117,2
3785,68.517,152.591,0,910,16
2756,7.936,11.506,0,64,3
1847,4.014,5.984,0,35,2
5674,17.418,36.929,0,204,4
3938,47.935,74.873,0,301,8
11899,26.413,35.753,0,167,8
5427,48.954,63.331,0,258,12
2962,15.565,23.043,0,118,5
1977,4.391,7.455,0,50,1
3912,3.881,4.948,0,35,2
6605,22.758,36.041,0,172,6
3650,16.314,22.221,0,108,6
2781,32.91,44.319,0,182,10
11375,26.48,31.466,0,159,12
5629,9.249,11.413,0,60,5
4694,19.659,26.228,0,129,8
7409,15.525,27.367,0,167,5
5236,7.657,9.555,0,57,4
7431,7.08,8.59,0,56,4
4761,12.943,16.775,0,99,5
2967,15.93,24.003,0,123,5
11458,32.299,39.515,0,185,13
10072,30.421,31.008,0,166,19
6489,3.078,4.171,0,31,1
3864,17.113,27.601,0,138,4
2720,3.015,4.253,0,43,1
3973,11.642,14.409,0,86,5
6783,40.21,46.307,0,191,15
5631,73.724,95.344,0,382,20
3963,23.792,32.482,0,140,9
5609,29.846,35.121,0,154,12
4021,23.604,32.518,0,152,8
4513,9.801,12.954,0,82,4
2926,17.219,25.604,0,110,6
9362,12.672,17.808,0,109,5
2570,11.279,18.058,0,98,4
5477,22.494,28.78,0,154,9
9812,25.702,30.799,0,146,11
6244,14.807,18.029,0,104,7
4242,7.541,9.051,0,67,4
4844,19.351,26.502,0,122,8
2978,40.687,66.182,0,274,8
7574,49.003,51.702,0,205,24
9810,30.571,39.745,0,207,11
4701,29.564,39.216,0,170,10
2933,24.781,34.468,0,137,8
7766,12.481,23.735,0,159,3
2372,17.049,24.475,0,110,6
4376,65.875,91.324,0,395,17
4988,3.321,4.522,0,46,1
2564,14.418,22.573,0,118,5
7386,43.272,63.382,0,314,14
5283,58.98,80.228,0,345,15
3954,28.028,37.066,0,181,10
7039,17.469,23.137,0,137,8
5761,3.029,4.124,0,33,1
3529,20.676,27.713,0,123,7
11466,11.806,14.534,0,96,6
3635,46.99,66.272,0,286,12
4622,3.117,4.29,0,32,1
9938,34.396,42.343,0,225,15
13893,38.607,59.891,0,295,13
7987,33.774,42.887,0,229,14
2690,26.229,34.714,0,151,9
2961,15.854,23.322,0,115,5
1860,10.54,12.928,0,70,5
2835,19.913,27.274,0,125,7
4135,36.965,46.821,0,195,12
5661,14.244,16.716,0,86,8
3447,18.355,23.116,0,122,8
3250,67.998,84.964,0,345,25
5184,26.574,34.214,0,153,9
3021,8.792,10.671,0,58,5
5557,14.362,17.202,0,88,7
4272,3.643,4.665,0,34,2
9486,25.469,36.515,0,213,10
5032,18.054,22.627,0,112,8
1883,6.616,8.705,0,48,3
2627,13.571,17.238,0,85,5
2309,5.227,6.065,0,34,3
2212,46.851,42.537,0,154,37
